
Cell gf180mcu_fd_sc_mcu7t5v0__fillcap_8 (0) disconnected node: VDD
Cell gf180mcu_fd_sc_mcu7t5v0__fillcap_8 (0) disconnected node: VNW
Cell gf180mcu_fd_sc_mcu7t5v0__fillcap_8 (0) disconnected node: VPW
Cell gf180mcu_fd_sc_mcu7t5v0__fillcap_8 (0) disconnected node: VSS

Subcircuit pins:
Circuit 1: gf180mcu_fd_sc_mcu7t5v0__fillca |Circuit 2: gf180mcu_fd_sc_mcu7t5v0__fillca 
-------------------------------------------|-------------------------------------------
VDD                                        |VDD                                        
VNW                                        |VNW                                        
VPW                                        |VPW                                        
VSS                                        |VSS                                        
---------------------------------------------------------------------------------------
Cell pin lists are equivalent.
Device classes gf180mcu_fd_sc_mcu7t5v0__fillcap_8 and gf180mcu_fd_sc_mcu7t5v0__fillcap_8 are equivalent.

Cell gf180mcu_fd_sc_mcu7t5v0__fillcap_64 (0) disconnected node: VDD
Cell gf180mcu_fd_sc_mcu7t5v0__fillcap_64 (0) disconnected node: VNW
Cell gf180mcu_fd_sc_mcu7t5v0__fillcap_64 (0) disconnected node: VPW
Cell gf180mcu_fd_sc_mcu7t5v0__fillcap_64 (0) disconnected node: VSS

Subcircuit pins:
Circuit 1: gf180mcu_fd_sc_mcu7t5v0__fillca |Circuit 2: gf180mcu_fd_sc_mcu7t5v0__fillca 
-------------------------------------------|-------------------------------------------
VDD                                        |VDD                                        
VNW                                        |VNW                                        
VPW                                        |VPW                                        
VSS                                        |VSS                                        
---------------------------------------------------------------------------------------
Cell pin lists are equivalent.
Device classes gf180mcu_fd_sc_mcu7t5v0__fillcap_64 and gf180mcu_fd_sc_mcu7t5v0__fillcap_64 are equivalent.

Cell gf180mcu_fd_sc_mcu7t5v0__fillcap_4 (0) disconnected node: VDD
Cell gf180mcu_fd_sc_mcu7t5v0__fillcap_4 (0) disconnected node: VNW
Cell gf180mcu_fd_sc_mcu7t5v0__fillcap_4 (0) disconnected node: VPW
Cell gf180mcu_fd_sc_mcu7t5v0__fillcap_4 (0) disconnected node: VSS

Subcircuit pins:
Circuit 1: gf180mcu_fd_sc_mcu7t5v0__fillca |Circuit 2: gf180mcu_fd_sc_mcu7t5v0__fillca 
-------------------------------------------|-------------------------------------------
VDD                                        |VDD                                        
VNW                                        |VNW                                        
VPW                                        |VPW                                        
VSS                                        |VSS                                        
---------------------------------------------------------------------------------------
Cell pin lists are equivalent.
Device classes gf180mcu_fd_sc_mcu7t5v0__fillcap_4 and gf180mcu_fd_sc_mcu7t5v0__fillcap_4 are equivalent.

Cell gf180mcu_fd_sc_mcu7t5v0__fillcap_16 (0) disconnected node: VDD
Cell gf180mcu_fd_sc_mcu7t5v0__fillcap_16 (0) disconnected node: VNW
Cell gf180mcu_fd_sc_mcu7t5v0__fillcap_16 (0) disconnected node: VPW
Cell gf180mcu_fd_sc_mcu7t5v0__fillcap_16 (0) disconnected node: VSS

Subcircuit pins:
Circuit 1: gf180mcu_fd_sc_mcu7t5v0__fillca |Circuit 2: gf180mcu_fd_sc_mcu7t5v0__fillca 
-------------------------------------------|-------------------------------------------
VDD                                        |VDD                                        
VNW                                        |VNW                                        
VPW                                        |VPW                                        
VSS                                        |VSS                                        
---------------------------------------------------------------------------------------
Cell pin lists are equivalent.
Device classes gf180mcu_fd_sc_mcu7t5v0__fillcap_16 and gf180mcu_fd_sc_mcu7t5v0__fillcap_16 are equivalent.

Cell gf180mcu_fd_sc_mcu7t5v0__dffq_1 (0) disconnected node: D
Cell gf180mcu_fd_sc_mcu7t5v0__dffq_1 (0) disconnected node: CLK
Cell gf180mcu_fd_sc_mcu7t5v0__dffq_1 (0) disconnected node: Q
Cell gf180mcu_fd_sc_mcu7t5v0__dffq_1 (0) disconnected node: VDD
Cell gf180mcu_fd_sc_mcu7t5v0__dffq_1 (0) disconnected node: VNW
Cell gf180mcu_fd_sc_mcu7t5v0__dffq_1 (0) disconnected node: VPW
Cell gf180mcu_fd_sc_mcu7t5v0__dffq_1 (0) disconnected node: VSS

Subcircuit pins:
Circuit 1: gf180mcu_fd_sc_mcu7t5v0__dffq_1 |Circuit 2: gf180mcu_fd_sc_mcu7t5v0__dffq_1 
-------------------------------------------|-------------------------------------------
D                                          |D                                          
CLK                                        |CLK                                        
Q                                          |Q                                          
VDD                                        |VDD                                        
VNW                                        |VNW                                        
VPW                                        |VPW                                        
VSS                                        |VSS                                        
---------------------------------------------------------------------------------------
Cell pin lists are equivalent.
Device classes gf180mcu_fd_sc_mcu7t5v0__dffq_1 and gf180mcu_fd_sc_mcu7t5v0__dffq_1 are equivalent.

Cell gf180mcu_fd_sc_mcu7t5v0__aoi222_2 (0) disconnected node: A1
Cell gf180mcu_fd_sc_mcu7t5v0__aoi222_2 (0) disconnected node: A2
Cell gf180mcu_fd_sc_mcu7t5v0__aoi222_2 (0) disconnected node: B1
Cell gf180mcu_fd_sc_mcu7t5v0__aoi222_2 (0) disconnected node: B2
Cell gf180mcu_fd_sc_mcu7t5v0__aoi222_2 (0) disconnected node: C1
Cell gf180mcu_fd_sc_mcu7t5v0__aoi222_2 (0) disconnected node: C2
Cell gf180mcu_fd_sc_mcu7t5v0__aoi222_2 (0) disconnected node: ZN
Cell gf180mcu_fd_sc_mcu7t5v0__aoi222_2 (0) disconnected node: VDD
Cell gf180mcu_fd_sc_mcu7t5v0__aoi222_2 (0) disconnected node: VNW
Cell gf180mcu_fd_sc_mcu7t5v0__aoi222_2 (0) disconnected node: VPW
Cell gf180mcu_fd_sc_mcu7t5v0__aoi222_2 (0) disconnected node: VSS

Subcircuit pins:
Circuit 1: gf180mcu_fd_sc_mcu7t5v0__aoi222 |Circuit 2: gf180mcu_fd_sc_mcu7t5v0__aoi222 
-------------------------------------------|-------------------------------------------
A1                                         |A1                                         
A2                                         |A2                                         
B1                                         |B1                                         
B2                                         |B2                                         
C1                                         |C1                                         
C2                                         |C2                                         
ZN                                         |ZN                                         
VDD                                        |VDD                                        
VNW                                        |VNW                                        
VPW                                        |VPW                                        
VSS                                        |VSS                                        
---------------------------------------------------------------------------------------
Cell pin lists are equivalent.
Device classes gf180mcu_fd_sc_mcu7t5v0__aoi222_2 and gf180mcu_fd_sc_mcu7t5v0__aoi222_2 are equivalent.

Cell gf180mcu_fd_sc_mcu7t5v0__dffq_2 (0) disconnected node: D
Cell gf180mcu_fd_sc_mcu7t5v0__dffq_2 (0) disconnected node: CLK
Cell gf180mcu_fd_sc_mcu7t5v0__dffq_2 (0) disconnected node: Q
Cell gf180mcu_fd_sc_mcu7t5v0__dffq_2 (0) disconnected node: VDD
Cell gf180mcu_fd_sc_mcu7t5v0__dffq_2 (0) disconnected node: VNW
Cell gf180mcu_fd_sc_mcu7t5v0__dffq_2 (0) disconnected node: VPW
Cell gf180mcu_fd_sc_mcu7t5v0__dffq_2 (0) disconnected node: VSS

Subcircuit pins:
Circuit 1: gf180mcu_fd_sc_mcu7t5v0__dffq_2 |Circuit 2: gf180mcu_fd_sc_mcu7t5v0__dffq_2 
-------------------------------------------|-------------------------------------------
D                                          |D                                          
CLK                                        |CLK                                        
Q                                          |Q                                          
VDD                                        |VDD                                        
VNW                                        |VNW                                        
VPW                                        |VPW                                        
VSS                                        |VSS                                        
---------------------------------------------------------------------------------------
Cell pin lists are equivalent.
Device classes gf180mcu_fd_sc_mcu7t5v0__dffq_2 and gf180mcu_fd_sc_mcu7t5v0__dffq_2 are equivalent.

Cell gf180mcu_fd_sc_mcu7t5v0__aoi22_1 (0) disconnected node: A1
Cell gf180mcu_fd_sc_mcu7t5v0__aoi22_1 (0) disconnected node: A2
Cell gf180mcu_fd_sc_mcu7t5v0__aoi22_1 (0) disconnected node: B1
Cell gf180mcu_fd_sc_mcu7t5v0__aoi22_1 (0) disconnected node: B2
Cell gf180mcu_fd_sc_mcu7t5v0__aoi22_1 (0) disconnected node: ZN
Cell gf180mcu_fd_sc_mcu7t5v0__aoi22_1 (0) disconnected node: VDD
Cell gf180mcu_fd_sc_mcu7t5v0__aoi22_1 (0) disconnected node: VNW
Cell gf180mcu_fd_sc_mcu7t5v0__aoi22_1 (0) disconnected node: VPW
Cell gf180mcu_fd_sc_mcu7t5v0__aoi22_1 (0) disconnected node: VSS

Subcircuit pins:
Circuit 1: gf180mcu_fd_sc_mcu7t5v0__aoi22_ |Circuit 2: gf180mcu_fd_sc_mcu7t5v0__aoi22_ 
-------------------------------------------|-------------------------------------------
A1                                         |A1                                         
A2                                         |A2                                         
B1                                         |B1                                         
B2                                         |B2                                         
ZN                                         |ZN                                         
VDD                                        |VDD                                        
VNW                                        |VNW                                        
VPW                                        |VPW                                        
VSS                                        |VSS                                        
---------------------------------------------------------------------------------------
Cell pin lists are equivalent.
Device classes gf180mcu_fd_sc_mcu7t5v0__aoi22_1 and gf180mcu_fd_sc_mcu7t5v0__aoi22_1 are equivalent.

Cell gf180mcu_fd_sc_mcu7t5v0__nand2_1 (0) disconnected node: A1
Cell gf180mcu_fd_sc_mcu7t5v0__nand2_1 (0) disconnected node: A2
Cell gf180mcu_fd_sc_mcu7t5v0__nand2_1 (0) disconnected node: ZN
Cell gf180mcu_fd_sc_mcu7t5v0__nand2_1 (0) disconnected node: VDD
Cell gf180mcu_fd_sc_mcu7t5v0__nand2_1 (0) disconnected node: VNW
Cell gf180mcu_fd_sc_mcu7t5v0__nand2_1 (0) disconnected node: VPW
Cell gf180mcu_fd_sc_mcu7t5v0__nand2_1 (0) disconnected node: VSS

Subcircuit pins:
Circuit 1: gf180mcu_fd_sc_mcu7t5v0__nand2_ |Circuit 2: gf180mcu_fd_sc_mcu7t5v0__nand2_ 
-------------------------------------------|-------------------------------------------
A1                                         |A1                                         
A2                                         |A2                                         
ZN                                         |ZN                                         
VDD                                        |VDD                                        
VNW                                        |VNW                                        
VPW                                        |VPW                                        
VSS                                        |VSS                                        
---------------------------------------------------------------------------------------
Cell pin lists are equivalent.
Device classes gf180mcu_fd_sc_mcu7t5v0__nand2_1 and gf180mcu_fd_sc_mcu7t5v0__nand2_1 are equivalent.

Cell gf180mcu_fd_sc_mcu7t5v0__buf_1 (0) disconnected node: I
Cell gf180mcu_fd_sc_mcu7t5v0__buf_1 (0) disconnected node: Z
Cell gf180mcu_fd_sc_mcu7t5v0__buf_1 (0) disconnected node: VDD
Cell gf180mcu_fd_sc_mcu7t5v0__buf_1 (0) disconnected node: VNW
Cell gf180mcu_fd_sc_mcu7t5v0__buf_1 (0) disconnected node: VPW
Cell gf180mcu_fd_sc_mcu7t5v0__buf_1 (0) disconnected node: VSS

Subcircuit pins:
Circuit 1: gf180mcu_fd_sc_mcu7t5v0__buf_1  |Circuit 2: gf180mcu_fd_sc_mcu7t5v0__buf_1  
-------------------------------------------|-------------------------------------------
I                                          |I                                          
Z                                          |Z                                          
VDD                                        |VDD                                        
VNW                                        |VNW                                        
VPW                                        |VPW                                        
VSS                                        |VSS                                        
---------------------------------------------------------------------------------------
Cell pin lists are equivalent.
Device classes gf180mcu_fd_sc_mcu7t5v0__buf_1 and gf180mcu_fd_sc_mcu7t5v0__buf_1 are equivalent.

Cell gf180mcu_fd_sc_mcu7t5v0__nand3_1 (0) disconnected node: A1
Cell gf180mcu_fd_sc_mcu7t5v0__nand3_1 (0) disconnected node: A2
Cell gf180mcu_fd_sc_mcu7t5v0__nand3_1 (0) disconnected node: A3
Cell gf180mcu_fd_sc_mcu7t5v0__nand3_1 (0) disconnected node: ZN
Cell gf180mcu_fd_sc_mcu7t5v0__nand3_1 (0) disconnected node: VDD
Cell gf180mcu_fd_sc_mcu7t5v0__nand3_1 (0) disconnected node: VNW
Cell gf180mcu_fd_sc_mcu7t5v0__nand3_1 (0) disconnected node: VPW
Cell gf180mcu_fd_sc_mcu7t5v0__nand3_1 (0) disconnected node: VSS

Subcircuit pins:
Circuit 1: gf180mcu_fd_sc_mcu7t5v0__nand3_ |Circuit 2: gf180mcu_fd_sc_mcu7t5v0__nand3_ 
-------------------------------------------|-------------------------------------------
A1                                         |A1                                         
A2                                         |A2                                         
A3                                         |A3                                         
ZN                                         |ZN                                         
VDD                                        |VDD                                        
VNW                                        |VNW                                        
VPW                                        |VPW                                        
VSS                                        |VSS                                        
---------------------------------------------------------------------------------------
Cell pin lists are equivalent.
Device classes gf180mcu_fd_sc_mcu7t5v0__nand3_1 and gf180mcu_fd_sc_mcu7t5v0__nand3_1 are equivalent.

Cell gf180mcu_fd_sc_mcu7t5v0__nor2_1 (0) disconnected node: A1
Cell gf180mcu_fd_sc_mcu7t5v0__nor2_1 (0) disconnected node: A2
Cell gf180mcu_fd_sc_mcu7t5v0__nor2_1 (0) disconnected node: ZN
Cell gf180mcu_fd_sc_mcu7t5v0__nor2_1 (0) disconnected node: VDD
Cell gf180mcu_fd_sc_mcu7t5v0__nor2_1 (0) disconnected node: VNW
Cell gf180mcu_fd_sc_mcu7t5v0__nor2_1 (0) disconnected node: VPW
Cell gf180mcu_fd_sc_mcu7t5v0__nor2_1 (0) disconnected node: VSS

Subcircuit pins:
Circuit 1: gf180mcu_fd_sc_mcu7t5v0__nor2_1 |Circuit 2: gf180mcu_fd_sc_mcu7t5v0__nor2_1 
-------------------------------------------|-------------------------------------------
A1                                         |A1                                         
A2                                         |A2                                         
ZN                                         |ZN                                         
VDD                                        |VDD                                        
VNW                                        |VNW                                        
VPW                                        |VPW                                        
VSS                                        |VSS                                        
---------------------------------------------------------------------------------------
Cell pin lists are equivalent.
Device classes gf180mcu_fd_sc_mcu7t5v0__nor2_1 and gf180mcu_fd_sc_mcu7t5v0__nor2_1 are equivalent.

Cell gf180mcu_fd_sc_mcu7t5v0__fillcap_32 (0) disconnected node: VDD
Cell gf180mcu_fd_sc_mcu7t5v0__fillcap_32 (0) disconnected node: VNW
Cell gf180mcu_fd_sc_mcu7t5v0__fillcap_32 (0) disconnected node: VPW
Cell gf180mcu_fd_sc_mcu7t5v0__fillcap_32 (0) disconnected node: VSS

Subcircuit pins:
Circuit 1: gf180mcu_fd_sc_mcu7t5v0__fillca |Circuit 2: gf180mcu_fd_sc_mcu7t5v0__fillca 
-------------------------------------------|-------------------------------------------
VDD                                        |VDD                                        
VNW                                        |VNW                                        
VPW                                        |VPW                                        
VSS                                        |VSS                                        
---------------------------------------------------------------------------------------
Cell pin lists are equivalent.
Device classes gf180mcu_fd_sc_mcu7t5v0__fillcap_32 and gf180mcu_fd_sc_mcu7t5v0__fillcap_32 are equivalent.

Cell gf180mcu_fd_sc_mcu7t5v0__oai211_1 (0) disconnected node: A1
Cell gf180mcu_fd_sc_mcu7t5v0__oai211_1 (0) disconnected node: A2
Cell gf180mcu_fd_sc_mcu7t5v0__oai211_1 (0) disconnected node: B
Cell gf180mcu_fd_sc_mcu7t5v0__oai211_1 (0) disconnected node: C
Cell gf180mcu_fd_sc_mcu7t5v0__oai211_1 (0) disconnected node: ZN
Cell gf180mcu_fd_sc_mcu7t5v0__oai211_1 (0) disconnected node: VDD
Cell gf180mcu_fd_sc_mcu7t5v0__oai211_1 (0) disconnected node: VNW
Cell gf180mcu_fd_sc_mcu7t5v0__oai211_1 (0) disconnected node: VPW
Cell gf180mcu_fd_sc_mcu7t5v0__oai211_1 (0) disconnected node: VSS

Subcircuit pins:
Circuit 1: gf180mcu_fd_sc_mcu7t5v0__oai211 |Circuit 2: gf180mcu_fd_sc_mcu7t5v0__oai211 
-------------------------------------------|-------------------------------------------
A1                                         |A1                                         
A2                                         |A2                                         
B                                          |B                                          
C                                          |C                                          
ZN                                         |ZN                                         
VDD                                        |VDD                                        
VNW                                        |VNW                                        
VPW                                        |VPW                                        
VSS                                        |VSS                                        
---------------------------------------------------------------------------------------
Cell pin lists are equivalent.
Device classes gf180mcu_fd_sc_mcu7t5v0__oai211_1 and gf180mcu_fd_sc_mcu7t5v0__oai211_1 are equivalent.

Cell gf180mcu_fd_sc_mcu7t5v0__buf_8 (0) disconnected node: I
Cell gf180mcu_fd_sc_mcu7t5v0__buf_8 (0) disconnected node: Z
Cell gf180mcu_fd_sc_mcu7t5v0__buf_8 (0) disconnected node: VDD
Cell gf180mcu_fd_sc_mcu7t5v0__buf_8 (0) disconnected node: VNW
Cell gf180mcu_fd_sc_mcu7t5v0__buf_8 (0) disconnected node: VPW
Cell gf180mcu_fd_sc_mcu7t5v0__buf_8 (0) disconnected node: VSS

Subcircuit pins:
Circuit 1: gf180mcu_fd_sc_mcu7t5v0__buf_8  |Circuit 2: gf180mcu_fd_sc_mcu7t5v0__buf_8  
-------------------------------------------|-------------------------------------------
I                                          |I                                          
Z                                          |Z                                          
VDD                                        |VDD                                        
VNW                                        |VNW                                        
VPW                                        |VPW                                        
VSS                                        |VSS                                        
---------------------------------------------------------------------------------------
Cell pin lists are equivalent.
Device classes gf180mcu_fd_sc_mcu7t5v0__buf_8 and gf180mcu_fd_sc_mcu7t5v0__buf_8 are equivalent.

Cell gf180mcu_fd_sc_mcu7t5v0__buf_4 (0) disconnected node: I
Cell gf180mcu_fd_sc_mcu7t5v0__buf_4 (0) disconnected node: Z
Cell gf180mcu_fd_sc_mcu7t5v0__buf_4 (0) disconnected node: VDD
Cell gf180mcu_fd_sc_mcu7t5v0__buf_4 (0) disconnected node: VNW
Cell gf180mcu_fd_sc_mcu7t5v0__buf_4 (0) disconnected node: VPW
Cell gf180mcu_fd_sc_mcu7t5v0__buf_4 (0) disconnected node: VSS

Subcircuit pins:
Circuit 1: gf180mcu_fd_sc_mcu7t5v0__buf_4  |Circuit 2: gf180mcu_fd_sc_mcu7t5v0__buf_4  
-------------------------------------------|-------------------------------------------
I                                          |I                                          
Z                                          |Z                                          
VDD                                        |VDD                                        
VNW                                        |VNW                                        
VPW                                        |VPW                                        
VSS                                        |VSS                                        
---------------------------------------------------------------------------------------
Cell pin lists are equivalent.
Device classes gf180mcu_fd_sc_mcu7t5v0__buf_4 and gf180mcu_fd_sc_mcu7t5v0__buf_4 are equivalent.

Cell gf180mcu_fd_sc_mcu7t5v0__clkbuf_1 (0) disconnected node: I
Cell gf180mcu_fd_sc_mcu7t5v0__clkbuf_1 (0) disconnected node: Z
Cell gf180mcu_fd_sc_mcu7t5v0__clkbuf_1 (0) disconnected node: VDD
Cell gf180mcu_fd_sc_mcu7t5v0__clkbuf_1 (0) disconnected node: VNW
Cell gf180mcu_fd_sc_mcu7t5v0__clkbuf_1 (0) disconnected node: VPW
Cell gf180mcu_fd_sc_mcu7t5v0__clkbuf_1 (0) disconnected node: VSS

Subcircuit pins:
Circuit 1: gf180mcu_fd_sc_mcu7t5v0__clkbuf |Circuit 2: gf180mcu_fd_sc_mcu7t5v0__clkbuf 
-------------------------------------------|-------------------------------------------
I                                          |I                                          
Z                                          |Z                                          
VDD                                        |VDD                                        
VNW                                        |VNW                                        
VPW                                        |VPW                                        
VSS                                        |VSS                                        
---------------------------------------------------------------------------------------
Cell pin lists are equivalent.
Device classes gf180mcu_fd_sc_mcu7t5v0__clkbuf_1 and gf180mcu_fd_sc_mcu7t5v0__clkbuf_1 are equivalent.

Cell gf180mcu_fd_sc_mcu7t5v0__oai21_1 (0) disconnected node: A1
Cell gf180mcu_fd_sc_mcu7t5v0__oai21_1 (0) disconnected node: A2
Cell gf180mcu_fd_sc_mcu7t5v0__oai21_1 (0) disconnected node: B
Cell gf180mcu_fd_sc_mcu7t5v0__oai21_1 (0) disconnected node: ZN
Cell gf180mcu_fd_sc_mcu7t5v0__oai21_1 (0) disconnected node: VDD
Cell gf180mcu_fd_sc_mcu7t5v0__oai21_1 (0) disconnected node: VNW
Cell gf180mcu_fd_sc_mcu7t5v0__oai21_1 (0) disconnected node: VPW
Cell gf180mcu_fd_sc_mcu7t5v0__oai21_1 (0) disconnected node: VSS

Subcircuit pins:
Circuit 1: gf180mcu_fd_sc_mcu7t5v0__oai21_ |Circuit 2: gf180mcu_fd_sc_mcu7t5v0__oai21_ 
-------------------------------------------|-------------------------------------------
A1                                         |A1                                         
A2                                         |A2                                         
B                                          |B                                          
ZN                                         |ZN                                         
VDD                                        |VDD                                        
VNW                                        |VNW                                        
VPW                                        |VPW                                        
VSS                                        |VSS                                        
---------------------------------------------------------------------------------------
Cell pin lists are equivalent.
Device classes gf180mcu_fd_sc_mcu7t5v0__oai21_1 and gf180mcu_fd_sc_mcu7t5v0__oai21_1 are equivalent.

Cell gf180mcu_fd_sc_mcu7t5v0__nor4_1 (0) disconnected node: A1
Cell gf180mcu_fd_sc_mcu7t5v0__nor4_1 (0) disconnected node: A2
Cell gf180mcu_fd_sc_mcu7t5v0__nor4_1 (0) disconnected node: A3
Cell gf180mcu_fd_sc_mcu7t5v0__nor4_1 (0) disconnected node: A4
Cell gf180mcu_fd_sc_mcu7t5v0__nor4_1 (0) disconnected node: ZN
Cell gf180mcu_fd_sc_mcu7t5v0__nor4_1 (0) disconnected node: VDD
Cell gf180mcu_fd_sc_mcu7t5v0__nor4_1 (0) disconnected node: VNW
Cell gf180mcu_fd_sc_mcu7t5v0__nor4_1 (0) disconnected node: VPW
Cell gf180mcu_fd_sc_mcu7t5v0__nor4_1 (0) disconnected node: VSS

Subcircuit pins:
Circuit 1: gf180mcu_fd_sc_mcu7t5v0__nor4_1 |Circuit 2: gf180mcu_fd_sc_mcu7t5v0__nor4_1 
-------------------------------------------|-------------------------------------------
A1                                         |A1                                         
A2                                         |A2                                         
A3                                         |A3                                         
A4                                         |A4                                         
ZN                                         |ZN                                         
VDD                                        |VDD                                        
VNW                                        |VNW                                        
VPW                                        |VPW                                        
VSS                                        |VSS                                        
---------------------------------------------------------------------------------------
Cell pin lists are equivalent.
Device classes gf180mcu_fd_sc_mcu7t5v0__nor4_1 and gf180mcu_fd_sc_mcu7t5v0__nor4_1 are equivalent.

Cell gf180mcu_fd_sc_mcu7t5v0__or2_1 (0) disconnected node: A1
Cell gf180mcu_fd_sc_mcu7t5v0__or2_1 (0) disconnected node: A2
Cell gf180mcu_fd_sc_mcu7t5v0__or2_1 (0) disconnected node: Z
Cell gf180mcu_fd_sc_mcu7t5v0__or2_1 (0) disconnected node: VDD
Cell gf180mcu_fd_sc_mcu7t5v0__or2_1 (0) disconnected node: VNW
Cell gf180mcu_fd_sc_mcu7t5v0__or2_1 (0) disconnected node: VPW
Cell gf180mcu_fd_sc_mcu7t5v0__or2_1 (0) disconnected node: VSS

Subcircuit pins:
Circuit 1: gf180mcu_fd_sc_mcu7t5v0__or2_1  |Circuit 2: gf180mcu_fd_sc_mcu7t5v0__or2_1  
-------------------------------------------|-------------------------------------------
A1                                         |A1                                         
A2                                         |A2                                         
Z                                          |Z                                          
VDD                                        |VDD                                        
VNW                                        |VNW                                        
VPW                                        |VPW                                        
VSS                                        |VSS                                        
---------------------------------------------------------------------------------------
Cell pin lists are equivalent.
Device classes gf180mcu_fd_sc_mcu7t5v0__or2_1 and gf180mcu_fd_sc_mcu7t5v0__or2_1 are equivalent.

Cell gf180mcu_fd_sc_mcu7t5v0__aoi21_4 (0) disconnected node: A1
Cell gf180mcu_fd_sc_mcu7t5v0__aoi21_4 (0) disconnected node: A2
Cell gf180mcu_fd_sc_mcu7t5v0__aoi21_4 (0) disconnected node: B
Cell gf180mcu_fd_sc_mcu7t5v0__aoi21_4 (0) disconnected node: ZN
Cell gf180mcu_fd_sc_mcu7t5v0__aoi21_4 (0) disconnected node: VDD
Cell gf180mcu_fd_sc_mcu7t5v0__aoi21_4 (0) disconnected node: VNW
Cell gf180mcu_fd_sc_mcu7t5v0__aoi21_4 (0) disconnected node: VPW
Cell gf180mcu_fd_sc_mcu7t5v0__aoi21_4 (0) disconnected node: VSS

Subcircuit pins:
Circuit 1: gf180mcu_fd_sc_mcu7t5v0__aoi21_ |Circuit 2: gf180mcu_fd_sc_mcu7t5v0__aoi21_ 
-------------------------------------------|-------------------------------------------
A1                                         |A1                                         
A2                                         |A2                                         
B                                          |B                                          
ZN                                         |ZN                                         
VDD                                        |VDD                                        
VNW                                        |VNW                                        
VPW                                        |VPW                                        
VSS                                        |VSS                                        
---------------------------------------------------------------------------------------
Cell pin lists are equivalent.
Device classes gf180mcu_fd_sc_mcu7t5v0__aoi21_4 and gf180mcu_fd_sc_mcu7t5v0__aoi21_4 are equivalent.

Cell gf180mcu_fd_sc_mcu7t5v0__nor3_4 (0) disconnected node: A1
Cell gf180mcu_fd_sc_mcu7t5v0__nor3_4 (0) disconnected node: A2
Cell gf180mcu_fd_sc_mcu7t5v0__nor3_4 (0) disconnected node: A3
Cell gf180mcu_fd_sc_mcu7t5v0__nor3_4 (0) disconnected node: ZN
Cell gf180mcu_fd_sc_mcu7t5v0__nor3_4 (0) disconnected node: VDD
Cell gf180mcu_fd_sc_mcu7t5v0__nor3_4 (0) disconnected node: VNW
Cell gf180mcu_fd_sc_mcu7t5v0__nor3_4 (0) disconnected node: VPW
Cell gf180mcu_fd_sc_mcu7t5v0__nor3_4 (0) disconnected node: VSS

Subcircuit pins:
Circuit 1: gf180mcu_fd_sc_mcu7t5v0__nor3_4 |Circuit 2: gf180mcu_fd_sc_mcu7t5v0__nor3_4 
-------------------------------------------|-------------------------------------------
A1                                         |A1                                         
A2                                         |A2                                         
A3                                         |A3                                         
ZN                                         |ZN                                         
VDD                                        |VDD                                        
VNW                                        |VNW                                        
VPW                                        |VPW                                        
VSS                                        |VSS                                        
---------------------------------------------------------------------------------------
Cell pin lists are equivalent.
Device classes gf180mcu_fd_sc_mcu7t5v0__nor3_4 and gf180mcu_fd_sc_mcu7t5v0__nor3_4 are equivalent.

Cell gf180mcu_fd_sc_mcu7t5v0__aoi21_1 (0) disconnected node: A1
Cell gf180mcu_fd_sc_mcu7t5v0__aoi21_1 (0) disconnected node: A2
Cell gf180mcu_fd_sc_mcu7t5v0__aoi21_1 (0) disconnected node: B
Cell gf180mcu_fd_sc_mcu7t5v0__aoi21_1 (0) disconnected node: ZN
Cell gf180mcu_fd_sc_mcu7t5v0__aoi21_1 (0) disconnected node: VDD
Cell gf180mcu_fd_sc_mcu7t5v0__aoi21_1 (0) disconnected node: VNW
Cell gf180mcu_fd_sc_mcu7t5v0__aoi21_1 (0) disconnected node: VPW
Cell gf180mcu_fd_sc_mcu7t5v0__aoi21_1 (0) disconnected node: VSS

Subcircuit pins:
Circuit 1: gf180mcu_fd_sc_mcu7t5v0__aoi21_ |Circuit 2: gf180mcu_fd_sc_mcu7t5v0__aoi21_ 
-------------------------------------------|-------------------------------------------
A1                                         |A1                                         
A2                                         |A2                                         
B                                          |B                                          
ZN                                         |ZN                                         
VDD                                        |VDD                                        
VNW                                        |VNW                                        
VPW                                        |VPW                                        
VSS                                        |VSS                                        
---------------------------------------------------------------------------------------
Cell pin lists are equivalent.
Device classes gf180mcu_fd_sc_mcu7t5v0__aoi21_1 and gf180mcu_fd_sc_mcu7t5v0__aoi21_1 are equivalent.

Cell gf180mcu_fd_sc_mcu7t5v0__aoi222_1 (0) disconnected node: A1
Cell gf180mcu_fd_sc_mcu7t5v0__aoi222_1 (0) disconnected node: A2
Cell gf180mcu_fd_sc_mcu7t5v0__aoi222_1 (0) disconnected node: B1
Cell gf180mcu_fd_sc_mcu7t5v0__aoi222_1 (0) disconnected node: B2
Cell gf180mcu_fd_sc_mcu7t5v0__aoi222_1 (0) disconnected node: C1
Cell gf180mcu_fd_sc_mcu7t5v0__aoi222_1 (0) disconnected node: C2
Cell gf180mcu_fd_sc_mcu7t5v0__aoi222_1 (0) disconnected node: ZN
Cell gf180mcu_fd_sc_mcu7t5v0__aoi222_1 (0) disconnected node: VDD
Cell gf180mcu_fd_sc_mcu7t5v0__aoi222_1 (0) disconnected node: VNW
Cell gf180mcu_fd_sc_mcu7t5v0__aoi222_1 (0) disconnected node: VPW
Cell gf180mcu_fd_sc_mcu7t5v0__aoi222_1 (0) disconnected node: VSS

Subcircuit pins:
Circuit 1: gf180mcu_fd_sc_mcu7t5v0__aoi222 |Circuit 2: gf180mcu_fd_sc_mcu7t5v0__aoi222 
-------------------------------------------|-------------------------------------------
A1                                         |A1                                         
A2                                         |A2                                         
B1                                         |B1                                         
B2                                         |B2                                         
C1                                         |C1                                         
C2                                         |C2                                         
ZN                                         |ZN                                         
VDD                                        |VDD                                        
VNW                                        |VNW                                        
VPW                                        |VPW                                        
VSS                                        |VSS                                        
---------------------------------------------------------------------------------------
Cell pin lists are equivalent.
Device classes gf180mcu_fd_sc_mcu7t5v0__aoi222_1 and gf180mcu_fd_sc_mcu7t5v0__aoi222_1 are equivalent.

Cell gf180mcu_fd_sc_mcu7t5v0__buf_2 (0) disconnected node: I
Cell gf180mcu_fd_sc_mcu7t5v0__buf_2 (0) disconnected node: Z
Cell gf180mcu_fd_sc_mcu7t5v0__buf_2 (0) disconnected node: VDD
Cell gf180mcu_fd_sc_mcu7t5v0__buf_2 (0) disconnected node: VNW
Cell gf180mcu_fd_sc_mcu7t5v0__buf_2 (0) disconnected node: VPW
Cell gf180mcu_fd_sc_mcu7t5v0__buf_2 (0) disconnected node: VSS

Subcircuit pins:
Circuit 1: gf180mcu_fd_sc_mcu7t5v0__buf_2  |Circuit 2: gf180mcu_fd_sc_mcu7t5v0__buf_2  
-------------------------------------------|-------------------------------------------
I                                          |I                                          
Z                                          |Z                                          
VDD                                        |VDD                                        
VNW                                        |VNW                                        
VPW                                        |VPW                                        
VSS                                        |VSS                                        
---------------------------------------------------------------------------------------
Cell pin lists are equivalent.
Device classes gf180mcu_fd_sc_mcu7t5v0__buf_2 and gf180mcu_fd_sc_mcu7t5v0__buf_2 are equivalent.

Cell gf180mcu_fd_sc_mcu7t5v0__buf_3 (0) disconnected node: I
Cell gf180mcu_fd_sc_mcu7t5v0__buf_3 (0) disconnected node: Z
Cell gf180mcu_fd_sc_mcu7t5v0__buf_3 (0) disconnected node: VDD
Cell gf180mcu_fd_sc_mcu7t5v0__buf_3 (0) disconnected node: VNW
Cell gf180mcu_fd_sc_mcu7t5v0__buf_3 (0) disconnected node: VPW
Cell gf180mcu_fd_sc_mcu7t5v0__buf_3 (0) disconnected node: VSS

Subcircuit pins:
Circuit 1: gf180mcu_fd_sc_mcu7t5v0__buf_3  |Circuit 2: gf180mcu_fd_sc_mcu7t5v0__buf_3  
-------------------------------------------|-------------------------------------------
I                                          |I                                          
Z                                          |Z                                          
VDD                                        |VDD                                        
VNW                                        |VNW                                        
VPW                                        |VPW                                        
VSS                                        |VSS                                        
---------------------------------------------------------------------------------------
Cell pin lists are equivalent.
Device classes gf180mcu_fd_sc_mcu7t5v0__buf_3 and gf180mcu_fd_sc_mcu7t5v0__buf_3 are equivalent.

Cell gf180mcu_fd_sc_mcu7t5v0__clkbuf_3 (0) disconnected node: I
Cell gf180mcu_fd_sc_mcu7t5v0__clkbuf_3 (0) disconnected node: Z
Cell gf180mcu_fd_sc_mcu7t5v0__clkbuf_3 (0) disconnected node: VDD
Cell gf180mcu_fd_sc_mcu7t5v0__clkbuf_3 (0) disconnected node: VNW
Cell gf180mcu_fd_sc_mcu7t5v0__clkbuf_3 (0) disconnected node: VPW
Cell gf180mcu_fd_sc_mcu7t5v0__clkbuf_3 (0) disconnected node: VSS

Subcircuit pins:
Circuit 1: gf180mcu_fd_sc_mcu7t5v0__clkbuf |Circuit 2: gf180mcu_fd_sc_mcu7t5v0__clkbuf 
-------------------------------------------|-------------------------------------------
I                                          |I                                          
Z                                          |Z                                          
VDD                                        |VDD                                        
VNW                                        |VNW                                        
VPW                                        |VPW                                        
VSS                                        |VSS                                        
---------------------------------------------------------------------------------------
Cell pin lists are equivalent.
Device classes gf180mcu_fd_sc_mcu7t5v0__clkbuf_3 and gf180mcu_fd_sc_mcu7t5v0__clkbuf_3 are equivalent.

Cell gf180mcu_fd_sc_mcu7t5v0__clkbuf_2 (0) disconnected node: I
Cell gf180mcu_fd_sc_mcu7t5v0__clkbuf_2 (0) disconnected node: Z
Cell gf180mcu_fd_sc_mcu7t5v0__clkbuf_2 (0) disconnected node: VDD
Cell gf180mcu_fd_sc_mcu7t5v0__clkbuf_2 (0) disconnected node: VNW
Cell gf180mcu_fd_sc_mcu7t5v0__clkbuf_2 (0) disconnected node: VPW
Cell gf180mcu_fd_sc_mcu7t5v0__clkbuf_2 (0) disconnected node: VSS

Subcircuit pins:
Circuit 1: gf180mcu_fd_sc_mcu7t5v0__clkbuf |Circuit 2: gf180mcu_fd_sc_mcu7t5v0__clkbuf 
-------------------------------------------|-------------------------------------------
I                                          |I                                          
Z                                          |Z                                          
VDD                                        |VDD                                        
VNW                                        |VNW                                        
VPW                                        |VPW                                        
VSS                                        |VSS                                        
---------------------------------------------------------------------------------------
Cell pin lists are equivalent.
Device classes gf180mcu_fd_sc_mcu7t5v0__clkbuf_2 and gf180mcu_fd_sc_mcu7t5v0__clkbuf_2 are equivalent.

Cell gf180mcu_fd_sc_mcu7t5v0__oai22_1 (0) disconnected node: A1
Cell gf180mcu_fd_sc_mcu7t5v0__oai22_1 (0) disconnected node: A2
Cell gf180mcu_fd_sc_mcu7t5v0__oai22_1 (0) disconnected node: B1
Cell gf180mcu_fd_sc_mcu7t5v0__oai22_1 (0) disconnected node: B2
Cell gf180mcu_fd_sc_mcu7t5v0__oai22_1 (0) disconnected node: ZN
Cell gf180mcu_fd_sc_mcu7t5v0__oai22_1 (0) disconnected node: VDD
Cell gf180mcu_fd_sc_mcu7t5v0__oai22_1 (0) disconnected node: VNW
Cell gf180mcu_fd_sc_mcu7t5v0__oai22_1 (0) disconnected node: VPW
Cell gf180mcu_fd_sc_mcu7t5v0__oai22_1 (0) disconnected node: VSS

Subcircuit pins:
Circuit 1: gf180mcu_fd_sc_mcu7t5v0__oai22_ |Circuit 2: gf180mcu_fd_sc_mcu7t5v0__oai22_ 
-------------------------------------------|-------------------------------------------
A1                                         |A1                                         
A2                                         |A2                                         
B1                                         |B1                                         
B2                                         |B2                                         
ZN                                         |ZN                                         
VDD                                        |VDD                                        
VNW                                        |VNW                                        
VPW                                        |VPW                                        
VSS                                        |VSS                                        
---------------------------------------------------------------------------------------
Cell pin lists are equivalent.
Device classes gf180mcu_fd_sc_mcu7t5v0__oai22_1 and gf180mcu_fd_sc_mcu7t5v0__oai22_1 are equivalent.

Cell gf180mcu_fd_sc_mcu7t5v0__inv_1 (0) disconnected node: I
Cell gf180mcu_fd_sc_mcu7t5v0__inv_1 (0) disconnected node: ZN
Cell gf180mcu_fd_sc_mcu7t5v0__inv_1 (0) disconnected node: VDD
Cell gf180mcu_fd_sc_mcu7t5v0__inv_1 (0) disconnected node: VNW
Cell gf180mcu_fd_sc_mcu7t5v0__inv_1 (0) disconnected node: VPW
Cell gf180mcu_fd_sc_mcu7t5v0__inv_1 (0) disconnected node: VSS

Subcircuit pins:
Circuit 1: gf180mcu_fd_sc_mcu7t5v0__inv_1  |Circuit 2: gf180mcu_fd_sc_mcu7t5v0__inv_1  
-------------------------------------------|-------------------------------------------
I                                          |I                                          
ZN                                         |ZN                                         
VDD                                        |VDD                                        
VNW                                        |VNW                                        
VPW                                        |VPW                                        
VSS                                        |VSS                                        
---------------------------------------------------------------------------------------
Cell pin lists are equivalent.
Device classes gf180mcu_fd_sc_mcu7t5v0__inv_1 and gf180mcu_fd_sc_mcu7t5v0__inv_1 are equivalent.

Cell gf180mcu_fd_sc_mcu7t5v0__nand4_2 (0) disconnected node: A1
Cell gf180mcu_fd_sc_mcu7t5v0__nand4_2 (0) disconnected node: A2
Cell gf180mcu_fd_sc_mcu7t5v0__nand4_2 (0) disconnected node: A3
Cell gf180mcu_fd_sc_mcu7t5v0__nand4_2 (0) disconnected node: A4
Cell gf180mcu_fd_sc_mcu7t5v0__nand4_2 (0) disconnected node: ZN
Cell gf180mcu_fd_sc_mcu7t5v0__nand4_2 (0) disconnected node: VDD
Cell gf180mcu_fd_sc_mcu7t5v0__nand4_2 (0) disconnected node: VNW
Cell gf180mcu_fd_sc_mcu7t5v0__nand4_2 (0) disconnected node: VPW
Cell gf180mcu_fd_sc_mcu7t5v0__nand4_2 (0) disconnected node: VSS

Subcircuit pins:
Circuit 1: gf180mcu_fd_sc_mcu7t5v0__nand4_ |Circuit 2: gf180mcu_fd_sc_mcu7t5v0__nand4_ 
-------------------------------------------|-------------------------------------------
A1                                         |A1                                         
A2                                         |A2                                         
A3                                         |A3                                         
A4                                         |A4                                         
ZN                                         |ZN                                         
VDD                                        |VDD                                        
VNW                                        |VNW                                        
VPW                                        |VPW                                        
VSS                                        |VSS                                        
---------------------------------------------------------------------------------------
Cell pin lists are equivalent.
Device classes gf180mcu_fd_sc_mcu7t5v0__nand4_2 and gf180mcu_fd_sc_mcu7t5v0__nand4_2 are equivalent.

Cell gf180mcu_fd_sc_mcu7t5v0__mux2_2 (0) disconnected node: I0
Cell gf180mcu_fd_sc_mcu7t5v0__mux2_2 (0) disconnected node: I1
Cell gf180mcu_fd_sc_mcu7t5v0__mux2_2 (0) disconnected node: S
Cell gf180mcu_fd_sc_mcu7t5v0__mux2_2 (0) disconnected node: Z
Cell gf180mcu_fd_sc_mcu7t5v0__mux2_2 (0) disconnected node: VDD
Cell gf180mcu_fd_sc_mcu7t5v0__mux2_2 (0) disconnected node: VNW
Cell gf180mcu_fd_sc_mcu7t5v0__mux2_2 (0) disconnected node: VPW
Cell gf180mcu_fd_sc_mcu7t5v0__mux2_2 (0) disconnected node: VSS

Subcircuit pins:
Circuit 1: gf180mcu_fd_sc_mcu7t5v0__mux2_2 |Circuit 2: gf180mcu_fd_sc_mcu7t5v0__mux2_2 
-------------------------------------------|-------------------------------------------
I0                                         |I0                                         
I1                                         |I1                                         
S                                          |S                                          
Z                                          |Z                                          
VDD                                        |VDD                                        
VNW                                        |VNW                                        
VPW                                        |VPW                                        
VSS                                        |VSS                                        
---------------------------------------------------------------------------------------
Cell pin lists are equivalent.
Device classes gf180mcu_fd_sc_mcu7t5v0__mux2_2 and gf180mcu_fd_sc_mcu7t5v0__mux2_2 are equivalent.

Cell gf180mcu_fd_sc_mcu7t5v0__oai21_2 (0) disconnected node: A1
Cell gf180mcu_fd_sc_mcu7t5v0__oai21_2 (0) disconnected node: A2
Cell gf180mcu_fd_sc_mcu7t5v0__oai21_2 (0) disconnected node: B
Cell gf180mcu_fd_sc_mcu7t5v0__oai21_2 (0) disconnected node: ZN
Cell gf180mcu_fd_sc_mcu7t5v0__oai21_2 (0) disconnected node: VDD
Cell gf180mcu_fd_sc_mcu7t5v0__oai21_2 (0) disconnected node: VNW
Cell gf180mcu_fd_sc_mcu7t5v0__oai21_2 (0) disconnected node: VPW
Cell gf180mcu_fd_sc_mcu7t5v0__oai21_2 (0) disconnected node: VSS

Subcircuit pins:
Circuit 1: gf180mcu_fd_sc_mcu7t5v0__oai21_ |Circuit 2: gf180mcu_fd_sc_mcu7t5v0__oai21_ 
-------------------------------------------|-------------------------------------------
A1                                         |A1                                         
A2                                         |A2                                         
B                                          |B                                          
ZN                                         |ZN                                         
VDD                                        |VDD                                        
VNW                                        |VNW                                        
VPW                                        |VPW                                        
VSS                                        |VSS                                        
---------------------------------------------------------------------------------------
Cell pin lists are equivalent.
Device classes gf180mcu_fd_sc_mcu7t5v0__oai21_2 and gf180mcu_fd_sc_mcu7t5v0__oai21_2 are equivalent.

Cell gf180mcu_fd_sc_mcu7t5v0__clkinv_1 (0) disconnected node: I
Cell gf180mcu_fd_sc_mcu7t5v0__clkinv_1 (0) disconnected node: ZN
Cell gf180mcu_fd_sc_mcu7t5v0__clkinv_1 (0) disconnected node: VDD
Cell gf180mcu_fd_sc_mcu7t5v0__clkinv_1 (0) disconnected node: VNW
Cell gf180mcu_fd_sc_mcu7t5v0__clkinv_1 (0) disconnected node: VPW
Cell gf180mcu_fd_sc_mcu7t5v0__clkinv_1 (0) disconnected node: VSS

Subcircuit pins:
Circuit 1: gf180mcu_fd_sc_mcu7t5v0__clkinv |Circuit 2: gf180mcu_fd_sc_mcu7t5v0__clkinv 
-------------------------------------------|-------------------------------------------
I                                          |I                                          
ZN                                         |ZN                                         
VDD                                        |VDD                                        
VNW                                        |VNW                                        
VPW                                        |VPW                                        
VSS                                        |VSS                                        
---------------------------------------------------------------------------------------
Cell pin lists are equivalent.
Device classes gf180mcu_fd_sc_mcu7t5v0__clkinv_1 and gf180mcu_fd_sc_mcu7t5v0__clkinv_1 are equivalent.

Cell gf180mcu_fd_sc_mcu7t5v0__and4_1 (0) disconnected node: A1
Cell gf180mcu_fd_sc_mcu7t5v0__and4_1 (0) disconnected node: A2
Cell gf180mcu_fd_sc_mcu7t5v0__and4_1 (0) disconnected node: A3
Cell gf180mcu_fd_sc_mcu7t5v0__and4_1 (0) disconnected node: A4
Cell gf180mcu_fd_sc_mcu7t5v0__and4_1 (0) disconnected node: Z
Cell gf180mcu_fd_sc_mcu7t5v0__and4_1 (0) disconnected node: VDD
Cell gf180mcu_fd_sc_mcu7t5v0__and4_1 (0) disconnected node: VNW
Cell gf180mcu_fd_sc_mcu7t5v0__and4_1 (0) disconnected node: VPW
Cell gf180mcu_fd_sc_mcu7t5v0__and4_1 (0) disconnected node: VSS

Subcircuit pins:
Circuit 1: gf180mcu_fd_sc_mcu7t5v0__and4_1 |Circuit 2: gf180mcu_fd_sc_mcu7t5v0__and4_1 
-------------------------------------------|-------------------------------------------
A1                                         |A1                                         
A2                                         |A2                                         
A3                                         |A3                                         
A4                                         |A4                                         
Z                                          |Z                                          
VDD                                        |VDD                                        
VNW                                        |VNW                                        
VPW                                        |VPW                                        
VSS                                        |VSS                                        
---------------------------------------------------------------------------------------
Cell pin lists are equivalent.
Device classes gf180mcu_fd_sc_mcu7t5v0__and4_1 and gf180mcu_fd_sc_mcu7t5v0__and4_1 are equivalent.

Cell gf180mcu_fd_sc_mcu7t5v0__aoi211_4 (0) disconnected node: A1
Cell gf180mcu_fd_sc_mcu7t5v0__aoi211_4 (0) disconnected node: A2
Cell gf180mcu_fd_sc_mcu7t5v0__aoi211_4 (0) disconnected node: B
Cell gf180mcu_fd_sc_mcu7t5v0__aoi211_4 (0) disconnected node: C
Cell gf180mcu_fd_sc_mcu7t5v0__aoi211_4 (0) disconnected node: ZN
Cell gf180mcu_fd_sc_mcu7t5v0__aoi211_4 (0) disconnected node: VDD
Cell gf180mcu_fd_sc_mcu7t5v0__aoi211_4 (0) disconnected node: VNW
Cell gf180mcu_fd_sc_mcu7t5v0__aoi211_4 (0) disconnected node: VPW
Cell gf180mcu_fd_sc_mcu7t5v0__aoi211_4 (0) disconnected node: VSS

Subcircuit pins:
Circuit 1: gf180mcu_fd_sc_mcu7t5v0__aoi211 |Circuit 2: gf180mcu_fd_sc_mcu7t5v0__aoi211 
-------------------------------------------|-------------------------------------------
A1                                         |A1                                         
A2                                         |A2                                         
B                                          |B                                          
C                                          |C                                          
ZN                                         |ZN                                         
VDD                                        |VDD                                        
VNW                                        |VNW                                        
VPW                                        |VPW                                        
VSS                                        |VSS                                        
---------------------------------------------------------------------------------------
Cell pin lists are equivalent.
Device classes gf180mcu_fd_sc_mcu7t5v0__aoi211_4 and gf180mcu_fd_sc_mcu7t5v0__aoi211_4 are equivalent.

Cell gf180mcu_fd_sc_mcu7t5v0__and4_4 (0) disconnected node: A1
Cell gf180mcu_fd_sc_mcu7t5v0__and4_4 (0) disconnected node: A2
Cell gf180mcu_fd_sc_mcu7t5v0__and4_4 (0) disconnected node: A3
Cell gf180mcu_fd_sc_mcu7t5v0__and4_4 (0) disconnected node: A4
Cell gf180mcu_fd_sc_mcu7t5v0__and4_4 (0) disconnected node: Z
Cell gf180mcu_fd_sc_mcu7t5v0__and4_4 (0) disconnected node: VDD
Cell gf180mcu_fd_sc_mcu7t5v0__and4_4 (0) disconnected node: VNW
Cell gf180mcu_fd_sc_mcu7t5v0__and4_4 (0) disconnected node: VPW
Cell gf180mcu_fd_sc_mcu7t5v0__and4_4 (0) disconnected node: VSS

Subcircuit pins:
Circuit 1: gf180mcu_fd_sc_mcu7t5v0__and4_4 |Circuit 2: gf180mcu_fd_sc_mcu7t5v0__and4_4 
-------------------------------------------|-------------------------------------------
A1                                         |A1                                         
A2                                         |A2                                         
A3                                         |A3                                         
A4                                         |A4                                         
Z                                          |Z                                          
VDD                                        |VDD                                        
VNW                                        |VNW                                        
VPW                                        |VPW                                        
VSS                                        |VSS                                        
---------------------------------------------------------------------------------------
Cell pin lists are equivalent.
Device classes gf180mcu_fd_sc_mcu7t5v0__and4_4 and gf180mcu_fd_sc_mcu7t5v0__and4_4 are equivalent.

Cell gf180mcu_fd_sc_mcu7t5v0__aoi21_2 (0) disconnected node: A1
Cell gf180mcu_fd_sc_mcu7t5v0__aoi21_2 (0) disconnected node: A2
Cell gf180mcu_fd_sc_mcu7t5v0__aoi21_2 (0) disconnected node: B
Cell gf180mcu_fd_sc_mcu7t5v0__aoi21_2 (0) disconnected node: ZN
Cell gf180mcu_fd_sc_mcu7t5v0__aoi21_2 (0) disconnected node: VDD
Cell gf180mcu_fd_sc_mcu7t5v0__aoi21_2 (0) disconnected node: VNW
Cell gf180mcu_fd_sc_mcu7t5v0__aoi21_2 (0) disconnected node: VPW
Cell gf180mcu_fd_sc_mcu7t5v0__aoi21_2 (0) disconnected node: VSS

Subcircuit pins:
Circuit 1: gf180mcu_fd_sc_mcu7t5v0__aoi21_ |Circuit 2: gf180mcu_fd_sc_mcu7t5v0__aoi21_ 
-------------------------------------------|-------------------------------------------
A1                                         |A1                                         
A2                                         |A2                                         
B                                          |B                                          
ZN                                         |ZN                                         
VDD                                        |VDD                                        
VNW                                        |VNW                                        
VPW                                        |VPW                                        
VSS                                        |VSS                                        
---------------------------------------------------------------------------------------
Cell pin lists are equivalent.
Device classes gf180mcu_fd_sc_mcu7t5v0__aoi21_2 and gf180mcu_fd_sc_mcu7t5v0__aoi21_2 are equivalent.

Cell gf180mcu_fd_sc_mcu7t5v0__dlyb_1 (0) disconnected node: I
Cell gf180mcu_fd_sc_mcu7t5v0__dlyb_1 (0) disconnected node: Z
Cell gf180mcu_fd_sc_mcu7t5v0__dlyb_1 (0) disconnected node: VDD
Cell gf180mcu_fd_sc_mcu7t5v0__dlyb_1 (0) disconnected node: VNW
Cell gf180mcu_fd_sc_mcu7t5v0__dlyb_1 (0) disconnected node: VPW
Cell gf180mcu_fd_sc_mcu7t5v0__dlyb_1 (0) disconnected node: VSS

Subcircuit pins:
Circuit 1: gf180mcu_fd_sc_mcu7t5v0__dlyb_1 |Circuit 2: gf180mcu_fd_sc_mcu7t5v0__dlyb_1 
-------------------------------------------|-------------------------------------------
I                                          |I                                          
Z                                          |Z                                          
VDD                                        |VDD                                        
VNW                                        |VNW                                        
VPW                                        |VPW                                        
VSS                                        |VSS                                        
---------------------------------------------------------------------------------------
Cell pin lists are equivalent.
Device classes gf180mcu_fd_sc_mcu7t5v0__dlyb_1 and gf180mcu_fd_sc_mcu7t5v0__dlyb_1 are equivalent.

Cell gf180mcu_fd_sc_mcu7t5v0__buf_12 (0) disconnected node: I
Cell gf180mcu_fd_sc_mcu7t5v0__buf_12 (0) disconnected node: Z
Cell gf180mcu_fd_sc_mcu7t5v0__buf_12 (0) disconnected node: VDD
Cell gf180mcu_fd_sc_mcu7t5v0__buf_12 (0) disconnected node: VNW
Cell gf180mcu_fd_sc_mcu7t5v0__buf_12 (0) disconnected node: VPW
Cell gf180mcu_fd_sc_mcu7t5v0__buf_12 (0) disconnected node: VSS

Subcircuit pins:
Circuit 1: gf180mcu_fd_sc_mcu7t5v0__buf_12 |Circuit 2: gf180mcu_fd_sc_mcu7t5v0__buf_12 
-------------------------------------------|-------------------------------------------
I                                          |I                                          
Z                                          |Z                                          
VDD                                        |VDD                                        
VNW                                        |VNW                                        
VPW                                        |VPW                                        
VSS                                        |VSS                                        
---------------------------------------------------------------------------------------
Cell pin lists are equivalent.
Device classes gf180mcu_fd_sc_mcu7t5v0__buf_12 and gf180mcu_fd_sc_mcu7t5v0__buf_12 are equivalent.

Cell gf180mcu_fd_sc_mcu7t5v0__clkbuf_8 (0) disconnected node: I
Cell gf180mcu_fd_sc_mcu7t5v0__clkbuf_8 (0) disconnected node: Z
Cell gf180mcu_fd_sc_mcu7t5v0__clkbuf_8 (0) disconnected node: VDD
Cell gf180mcu_fd_sc_mcu7t5v0__clkbuf_8 (0) disconnected node: VNW
Cell gf180mcu_fd_sc_mcu7t5v0__clkbuf_8 (0) disconnected node: VPW
Cell gf180mcu_fd_sc_mcu7t5v0__clkbuf_8 (0) disconnected node: VSS

Subcircuit pins:
Circuit 1: gf180mcu_fd_sc_mcu7t5v0__clkbuf |Circuit 2: gf180mcu_fd_sc_mcu7t5v0__clkbuf 
-------------------------------------------|-------------------------------------------
I                                          |I                                          
Z                                          |Z                                          
VDD                                        |VDD                                        
VNW                                        |VNW                                        
VPW                                        |VPW                                        
VSS                                        |VSS                                        
---------------------------------------------------------------------------------------
Cell pin lists are equivalent.
Device classes gf180mcu_fd_sc_mcu7t5v0__clkbuf_8 and gf180mcu_fd_sc_mcu7t5v0__clkbuf_8 are equivalent.

Cell gf180mcu_fd_sc_mcu7t5v0__oai221_1 (0) disconnected node: A1
Cell gf180mcu_fd_sc_mcu7t5v0__oai221_1 (0) disconnected node: A2
Cell gf180mcu_fd_sc_mcu7t5v0__oai221_1 (0) disconnected node: B1
Cell gf180mcu_fd_sc_mcu7t5v0__oai221_1 (0) disconnected node: B2
Cell gf180mcu_fd_sc_mcu7t5v0__oai221_1 (0) disconnected node: C
Cell gf180mcu_fd_sc_mcu7t5v0__oai221_1 (0) disconnected node: ZN
Cell gf180mcu_fd_sc_mcu7t5v0__oai221_1 (0) disconnected node: VDD
Cell gf180mcu_fd_sc_mcu7t5v0__oai221_1 (0) disconnected node: VNW
Cell gf180mcu_fd_sc_mcu7t5v0__oai221_1 (0) disconnected node: VPW
Cell gf180mcu_fd_sc_mcu7t5v0__oai221_1 (0) disconnected node: VSS

Subcircuit pins:
Circuit 1: gf180mcu_fd_sc_mcu7t5v0__oai221 |Circuit 2: gf180mcu_fd_sc_mcu7t5v0__oai221 
-------------------------------------------|-------------------------------------------
A1                                         |A1                                         
A2                                         |A2                                         
B1                                         |B1                                         
B2                                         |B2                                         
C                                          |C                                          
ZN                                         |ZN                                         
VDD                                        |VDD                                        
VNW                                        |VNW                                        
VPW                                        |VPW                                        
VSS                                        |VSS                                        
---------------------------------------------------------------------------------------
Cell pin lists are equivalent.
Device classes gf180mcu_fd_sc_mcu7t5v0__oai221_1 and gf180mcu_fd_sc_mcu7t5v0__oai221_1 are equivalent.

Cell gf180mcu_fd_sc_mcu7t5v0__mux4_1 (0) disconnected node: I0
Cell gf180mcu_fd_sc_mcu7t5v0__mux4_1 (0) disconnected node: I1
Cell gf180mcu_fd_sc_mcu7t5v0__mux4_1 (0) disconnected node: I2
Cell gf180mcu_fd_sc_mcu7t5v0__mux4_1 (0) disconnected node: I3
Cell gf180mcu_fd_sc_mcu7t5v0__mux4_1 (0) disconnected node: S0
Cell gf180mcu_fd_sc_mcu7t5v0__mux4_1 (0) disconnected node: S1
Cell gf180mcu_fd_sc_mcu7t5v0__mux4_1 (0) disconnected node: Z
Cell gf180mcu_fd_sc_mcu7t5v0__mux4_1 (0) disconnected node: VDD
Cell gf180mcu_fd_sc_mcu7t5v0__mux4_1 (0) disconnected node: VNW
Cell gf180mcu_fd_sc_mcu7t5v0__mux4_1 (0) disconnected node: VPW
Cell gf180mcu_fd_sc_mcu7t5v0__mux4_1 (0) disconnected node: VSS

Subcircuit pins:
Circuit 1: gf180mcu_fd_sc_mcu7t5v0__mux4_1 |Circuit 2: gf180mcu_fd_sc_mcu7t5v0__mux4_1 
-------------------------------------------|-------------------------------------------
I0                                         |I0                                         
I1                                         |I1                                         
I2                                         |I2                                         
I3                                         |I3                                         
S0                                         |S0                                         
S1                                         |S1                                         
Z                                          |Z                                          
VDD                                        |VDD                                        
VNW                                        |VNW                                        
VPW                                        |VPW                                        
VSS                                        |VSS                                        
---------------------------------------------------------------------------------------
Cell pin lists are equivalent.
Device classes gf180mcu_fd_sc_mcu7t5v0__mux4_1 and gf180mcu_fd_sc_mcu7t5v0__mux4_1 are equivalent.

Cell gf180mcu_fd_sc_mcu7t5v0__oai21_4 (0) disconnected node: A1
Cell gf180mcu_fd_sc_mcu7t5v0__oai21_4 (0) disconnected node: A2
Cell gf180mcu_fd_sc_mcu7t5v0__oai21_4 (0) disconnected node: B
Cell gf180mcu_fd_sc_mcu7t5v0__oai21_4 (0) disconnected node: ZN
Cell gf180mcu_fd_sc_mcu7t5v0__oai21_4 (0) disconnected node: VDD
Cell gf180mcu_fd_sc_mcu7t5v0__oai21_4 (0) disconnected node: VNW
Cell gf180mcu_fd_sc_mcu7t5v0__oai21_4 (0) disconnected node: VPW
Cell gf180mcu_fd_sc_mcu7t5v0__oai21_4 (0) disconnected node: VSS

Subcircuit pins:
Circuit 1: gf180mcu_fd_sc_mcu7t5v0__oai21_ |Circuit 2: gf180mcu_fd_sc_mcu7t5v0__oai21_ 
-------------------------------------------|-------------------------------------------
A1                                         |A1                                         
A2                                         |A2                                         
B                                          |B                                          
ZN                                         |ZN                                         
VDD                                        |VDD                                        
VNW                                        |VNW                                        
VPW                                        |VPW                                        
VSS                                        |VSS                                        
---------------------------------------------------------------------------------------
Cell pin lists are equivalent.
Device classes gf180mcu_fd_sc_mcu7t5v0__oai21_4 and gf180mcu_fd_sc_mcu7t5v0__oai21_4 are equivalent.

Cell gf180mcu_fd_sc_mcu7t5v0__nor3_1 (0) disconnected node: A1
Cell gf180mcu_fd_sc_mcu7t5v0__nor3_1 (0) disconnected node: A2
Cell gf180mcu_fd_sc_mcu7t5v0__nor3_1 (0) disconnected node: A3
Cell gf180mcu_fd_sc_mcu7t5v0__nor3_1 (0) disconnected node: ZN
Cell gf180mcu_fd_sc_mcu7t5v0__nor3_1 (0) disconnected node: VDD
Cell gf180mcu_fd_sc_mcu7t5v0__nor3_1 (0) disconnected node: VNW
Cell gf180mcu_fd_sc_mcu7t5v0__nor3_1 (0) disconnected node: VPW
Cell gf180mcu_fd_sc_mcu7t5v0__nor3_1 (0) disconnected node: VSS

Subcircuit pins:
Circuit 1: gf180mcu_fd_sc_mcu7t5v0__nor3_1 |Circuit 2: gf180mcu_fd_sc_mcu7t5v0__nor3_1 
-------------------------------------------|-------------------------------------------
A1                                         |A1                                         
A2                                         |A2                                         
A3                                         |A3                                         
ZN                                         |ZN                                         
VDD                                        |VDD                                        
VNW                                        |VNW                                        
VPW                                        |VPW                                        
VSS                                        |VSS                                        
---------------------------------------------------------------------------------------
Cell pin lists are equivalent.
Device classes gf180mcu_fd_sc_mcu7t5v0__nor3_1 and gf180mcu_fd_sc_mcu7t5v0__nor3_1 are equivalent.

Cell gf180mcu_fd_sc_mcu7t5v0__aoi22_2 (0) disconnected node: A1
Cell gf180mcu_fd_sc_mcu7t5v0__aoi22_2 (0) disconnected node: A2
Cell gf180mcu_fd_sc_mcu7t5v0__aoi22_2 (0) disconnected node: B1
Cell gf180mcu_fd_sc_mcu7t5v0__aoi22_2 (0) disconnected node: B2
Cell gf180mcu_fd_sc_mcu7t5v0__aoi22_2 (0) disconnected node: ZN
Cell gf180mcu_fd_sc_mcu7t5v0__aoi22_2 (0) disconnected node: VDD
Cell gf180mcu_fd_sc_mcu7t5v0__aoi22_2 (0) disconnected node: VNW
Cell gf180mcu_fd_sc_mcu7t5v0__aoi22_2 (0) disconnected node: VPW
Cell gf180mcu_fd_sc_mcu7t5v0__aoi22_2 (0) disconnected node: VSS

Subcircuit pins:
Circuit 1: gf180mcu_fd_sc_mcu7t5v0__aoi22_ |Circuit 2: gf180mcu_fd_sc_mcu7t5v0__aoi22_ 
-------------------------------------------|-------------------------------------------
A1                                         |A1                                         
A2                                         |A2                                         
B1                                         |B1                                         
B2                                         |B2                                         
ZN                                         |ZN                                         
VDD                                        |VDD                                        
VNW                                        |VNW                                        
VPW                                        |VPW                                        
VSS                                        |VSS                                        
---------------------------------------------------------------------------------------
Cell pin lists are equivalent.
Device classes gf180mcu_fd_sc_mcu7t5v0__aoi22_2 and gf180mcu_fd_sc_mcu7t5v0__aoi22_2 are equivalent.

Cell gf180mcu_fd_sc_mcu7t5v0__nor2_2 (0) disconnected node: A1
Cell gf180mcu_fd_sc_mcu7t5v0__nor2_2 (0) disconnected node: A2
Cell gf180mcu_fd_sc_mcu7t5v0__nor2_2 (0) disconnected node: ZN
Cell gf180mcu_fd_sc_mcu7t5v0__nor2_2 (0) disconnected node: VDD
Cell gf180mcu_fd_sc_mcu7t5v0__nor2_2 (0) disconnected node: VNW
Cell gf180mcu_fd_sc_mcu7t5v0__nor2_2 (0) disconnected node: VPW
Cell gf180mcu_fd_sc_mcu7t5v0__nor2_2 (0) disconnected node: VSS

Subcircuit pins:
Circuit 1: gf180mcu_fd_sc_mcu7t5v0__nor2_2 |Circuit 2: gf180mcu_fd_sc_mcu7t5v0__nor2_2 
-------------------------------------------|-------------------------------------------
A1                                         |A1                                         
A2                                         |A2                                         
ZN                                         |ZN                                         
VDD                                        |VDD                                        
VNW                                        |VNW                                        
VPW                                        |VPW                                        
VSS                                        |VSS                                        
---------------------------------------------------------------------------------------
Cell pin lists are equivalent.
Device classes gf180mcu_fd_sc_mcu7t5v0__nor2_2 and gf180mcu_fd_sc_mcu7t5v0__nor2_2 are equivalent.

Cell gf180mcu_fd_sc_mcu7t5v0__nand4_1 (0) disconnected node: A1
Cell gf180mcu_fd_sc_mcu7t5v0__nand4_1 (0) disconnected node: A2
Cell gf180mcu_fd_sc_mcu7t5v0__nand4_1 (0) disconnected node: A3
Cell gf180mcu_fd_sc_mcu7t5v0__nand4_1 (0) disconnected node: A4
Cell gf180mcu_fd_sc_mcu7t5v0__nand4_1 (0) disconnected node: ZN
Cell gf180mcu_fd_sc_mcu7t5v0__nand4_1 (0) disconnected node: VDD
Cell gf180mcu_fd_sc_mcu7t5v0__nand4_1 (0) disconnected node: VNW
Cell gf180mcu_fd_sc_mcu7t5v0__nand4_1 (0) disconnected node: VPW
Cell gf180mcu_fd_sc_mcu7t5v0__nand4_1 (0) disconnected node: VSS

Subcircuit pins:
Circuit 1: gf180mcu_fd_sc_mcu7t5v0__nand4_ |Circuit 2: gf180mcu_fd_sc_mcu7t5v0__nand4_ 
-------------------------------------------|-------------------------------------------
A1                                         |A1                                         
A2                                         |A2                                         
A3                                         |A3                                         
A4                                         |A4                                         
ZN                                         |ZN                                         
VDD                                        |VDD                                        
VNW                                        |VNW                                        
VPW                                        |VPW                                        
VSS                                        |VSS                                        
---------------------------------------------------------------------------------------
Cell pin lists are equivalent.
Device classes gf180mcu_fd_sc_mcu7t5v0__nand4_1 and gf180mcu_fd_sc_mcu7t5v0__nand4_1 are equivalent.

Cell gf180mcu_fd_sc_mcu7t5v0__nand3_4 (0) disconnected node: A1
Cell gf180mcu_fd_sc_mcu7t5v0__nand3_4 (0) disconnected node: A2
Cell gf180mcu_fd_sc_mcu7t5v0__nand3_4 (0) disconnected node: A3
Cell gf180mcu_fd_sc_mcu7t5v0__nand3_4 (0) disconnected node: ZN
Cell gf180mcu_fd_sc_mcu7t5v0__nand3_4 (0) disconnected node: VDD
Cell gf180mcu_fd_sc_mcu7t5v0__nand3_4 (0) disconnected node: VNW
Cell gf180mcu_fd_sc_mcu7t5v0__nand3_4 (0) disconnected node: VPW
Cell gf180mcu_fd_sc_mcu7t5v0__nand3_4 (0) disconnected node: VSS

Subcircuit pins:
Circuit 1: gf180mcu_fd_sc_mcu7t5v0__nand3_ |Circuit 2: gf180mcu_fd_sc_mcu7t5v0__nand3_ 
-------------------------------------------|-------------------------------------------
A1                                         |A1                                         
A2                                         |A2                                         
A3                                         |A3                                         
ZN                                         |ZN                                         
VDD                                        |VDD                                        
VNW                                        |VNW                                        
VPW                                        |VPW                                        
VSS                                        |VSS                                        
---------------------------------------------------------------------------------------
Cell pin lists are equivalent.
Device classes gf180mcu_fd_sc_mcu7t5v0__nand3_4 and gf180mcu_fd_sc_mcu7t5v0__nand3_4 are equivalent.

Cell gf180mcu_fd_sc_mcu7t5v0__clkbuf_4 (0) disconnected node: I
Cell gf180mcu_fd_sc_mcu7t5v0__clkbuf_4 (0) disconnected node: Z
Cell gf180mcu_fd_sc_mcu7t5v0__clkbuf_4 (0) disconnected node: VDD
Cell gf180mcu_fd_sc_mcu7t5v0__clkbuf_4 (0) disconnected node: VNW
Cell gf180mcu_fd_sc_mcu7t5v0__clkbuf_4 (0) disconnected node: VPW
Cell gf180mcu_fd_sc_mcu7t5v0__clkbuf_4 (0) disconnected node: VSS

Subcircuit pins:
Circuit 1: gf180mcu_fd_sc_mcu7t5v0__clkbuf |Circuit 2: gf180mcu_fd_sc_mcu7t5v0__clkbuf 
-------------------------------------------|-------------------------------------------
I                                          |I                                          
Z                                          |Z                                          
VDD                                        |VDD                                        
VNW                                        |VNW                                        
VPW                                        |VPW                                        
VSS                                        |VSS                                        
---------------------------------------------------------------------------------------
Cell pin lists are equivalent.
Device classes gf180mcu_fd_sc_mcu7t5v0__clkbuf_4 and gf180mcu_fd_sc_mcu7t5v0__clkbuf_4 are equivalent.

Cell gf180mcu_fd_sc_mcu7t5v0__tiel (0) disconnected node: ZN
Cell gf180mcu_fd_sc_mcu7t5v0__tiel (0) disconnected node: VDD
Cell gf180mcu_fd_sc_mcu7t5v0__tiel (0) disconnected node: VNW
Cell gf180mcu_fd_sc_mcu7t5v0__tiel (0) disconnected node: VPW
Cell gf180mcu_fd_sc_mcu7t5v0__tiel (0) disconnected node: VSS

Subcircuit pins:
Circuit 1: gf180mcu_fd_sc_mcu7t5v0__tiel   |Circuit 2: gf180mcu_fd_sc_mcu7t5v0__tiel   
-------------------------------------------|-------------------------------------------
ZN                                         |ZN                                         
VDD                                        |VDD                                        
VNW                                        |VNW                                        
VPW                                        |VPW                                        
VSS                                        |VSS                                        
---------------------------------------------------------------------------------------
Cell pin lists are equivalent.
Device classes gf180mcu_fd_sc_mcu7t5v0__tiel and gf180mcu_fd_sc_mcu7t5v0__tiel are equivalent.

Cell gf180mcu_fd_sc_mcu7t5v0__tieh (0) disconnected node: Z
Cell gf180mcu_fd_sc_mcu7t5v0__tieh (0) disconnected node: VDD
Cell gf180mcu_fd_sc_mcu7t5v0__tieh (0) disconnected node: VNW
Cell gf180mcu_fd_sc_mcu7t5v0__tieh (0) disconnected node: VPW
Cell gf180mcu_fd_sc_mcu7t5v0__tieh (0) disconnected node: VSS

Subcircuit pins:
Circuit 1: gf180mcu_fd_sc_mcu7t5v0__tieh   |Circuit 2: gf180mcu_fd_sc_mcu7t5v0__tieh   
-------------------------------------------|-------------------------------------------
Z                                          |Z                                          
VDD                                        |VDD                                        
VNW                                        |VNW                                        
VPW                                        |VPW                                        
VSS                                        |VSS                                        
---------------------------------------------------------------------------------------
Cell pin lists are equivalent.
Device classes gf180mcu_fd_sc_mcu7t5v0__tieh and gf180mcu_fd_sc_mcu7t5v0__tieh are equivalent.

Cell gf180mcu_fd_sc_mcu7t5v0__aoi22_4 (0) disconnected node: A1
Cell gf180mcu_fd_sc_mcu7t5v0__aoi22_4 (0) disconnected node: A2
Cell gf180mcu_fd_sc_mcu7t5v0__aoi22_4 (0) disconnected node: B1
Cell gf180mcu_fd_sc_mcu7t5v0__aoi22_4 (0) disconnected node: B2
Cell gf180mcu_fd_sc_mcu7t5v0__aoi22_4 (0) disconnected node: ZN
Cell gf180mcu_fd_sc_mcu7t5v0__aoi22_4 (0) disconnected node: VDD
Cell gf180mcu_fd_sc_mcu7t5v0__aoi22_4 (0) disconnected node: VNW
Cell gf180mcu_fd_sc_mcu7t5v0__aoi22_4 (0) disconnected node: VPW
Cell gf180mcu_fd_sc_mcu7t5v0__aoi22_4 (0) disconnected node: VSS

Subcircuit pins:
Circuit 1: gf180mcu_fd_sc_mcu7t5v0__aoi22_ |Circuit 2: gf180mcu_fd_sc_mcu7t5v0__aoi22_ 
-------------------------------------------|-------------------------------------------
A1                                         |A1                                         
A2                                         |A2                                         
B1                                         |B1                                         
B2                                         |B2                                         
ZN                                         |ZN                                         
VDD                                        |VDD                                        
VNW                                        |VNW                                        
VPW                                        |VPW                                        
VSS                                        |VSS                                        
---------------------------------------------------------------------------------------
Cell pin lists are equivalent.
Device classes gf180mcu_fd_sc_mcu7t5v0__aoi22_4 and gf180mcu_fd_sc_mcu7t5v0__aoi22_4 are equivalent.

Cell gf180mcu_fd_sc_mcu7t5v0__or2_2 (0) disconnected node: A1
Cell gf180mcu_fd_sc_mcu7t5v0__or2_2 (0) disconnected node: A2
Cell gf180mcu_fd_sc_mcu7t5v0__or2_2 (0) disconnected node: Z
Cell gf180mcu_fd_sc_mcu7t5v0__or2_2 (0) disconnected node: VDD
Cell gf180mcu_fd_sc_mcu7t5v0__or2_2 (0) disconnected node: VNW
Cell gf180mcu_fd_sc_mcu7t5v0__or2_2 (0) disconnected node: VPW
Cell gf180mcu_fd_sc_mcu7t5v0__or2_2 (0) disconnected node: VSS

Subcircuit pins:
Circuit 1: gf180mcu_fd_sc_mcu7t5v0__or2_2  |Circuit 2: gf180mcu_fd_sc_mcu7t5v0__or2_2  
-------------------------------------------|-------------------------------------------
A1                                         |A1                                         
A2                                         |A2                                         
Z                                          |Z                                          
VDD                                        |VDD                                        
VNW                                        |VNW                                        
VPW                                        |VPW                                        
VSS                                        |VSS                                        
---------------------------------------------------------------------------------------
Cell pin lists are equivalent.
Device classes gf180mcu_fd_sc_mcu7t5v0__or2_2 and gf180mcu_fd_sc_mcu7t5v0__or2_2 are equivalent.

Cell gf180mcu_fd_sc_mcu7t5v0__nand3_2 (0) disconnected node: A1
Cell gf180mcu_fd_sc_mcu7t5v0__nand3_2 (0) disconnected node: A2
Cell gf180mcu_fd_sc_mcu7t5v0__nand3_2 (0) disconnected node: A3
Cell gf180mcu_fd_sc_mcu7t5v0__nand3_2 (0) disconnected node: ZN
Cell gf180mcu_fd_sc_mcu7t5v0__nand3_2 (0) disconnected node: VDD
Cell gf180mcu_fd_sc_mcu7t5v0__nand3_2 (0) disconnected node: VNW
Cell gf180mcu_fd_sc_mcu7t5v0__nand3_2 (0) disconnected node: VPW
Cell gf180mcu_fd_sc_mcu7t5v0__nand3_2 (0) disconnected node: VSS

Subcircuit pins:
Circuit 1: gf180mcu_fd_sc_mcu7t5v0__nand3_ |Circuit 2: gf180mcu_fd_sc_mcu7t5v0__nand3_ 
-------------------------------------------|-------------------------------------------
A1                                         |A1                                         
A2                                         |A2                                         
A3                                         |A3                                         
ZN                                         |ZN                                         
VDD                                        |VDD                                        
VNW                                        |VNW                                        
VPW                                        |VPW                                        
VSS                                        |VSS                                        
---------------------------------------------------------------------------------------
Cell pin lists are equivalent.
Device classes gf180mcu_fd_sc_mcu7t5v0__nand3_2 and gf180mcu_fd_sc_mcu7t5v0__nand3_2 are equivalent.

Cell gf180mcu_fd_sc_mcu7t5v0__nor4_4 (0) disconnected node: A1
Cell gf180mcu_fd_sc_mcu7t5v0__nor4_4 (0) disconnected node: A2
Cell gf180mcu_fd_sc_mcu7t5v0__nor4_4 (0) disconnected node: A3
Cell gf180mcu_fd_sc_mcu7t5v0__nor4_4 (0) disconnected node: A4
Cell gf180mcu_fd_sc_mcu7t5v0__nor4_4 (0) disconnected node: ZN
Cell gf180mcu_fd_sc_mcu7t5v0__nor4_4 (0) disconnected node: VDD
Cell gf180mcu_fd_sc_mcu7t5v0__nor4_4 (0) disconnected node: VNW
Cell gf180mcu_fd_sc_mcu7t5v0__nor4_4 (0) disconnected node: VPW
Cell gf180mcu_fd_sc_mcu7t5v0__nor4_4 (0) disconnected node: VSS

Subcircuit pins:
Circuit 1: gf180mcu_fd_sc_mcu7t5v0__nor4_4 |Circuit 2: gf180mcu_fd_sc_mcu7t5v0__nor4_4 
-------------------------------------------|-------------------------------------------
A1                                         |A1                                         
A2                                         |A2                                         
A3                                         |A3                                         
A4                                         |A4                                         
ZN                                         |ZN                                         
VDD                                        |VDD                                        
VNW                                        |VNW                                        
VPW                                        |VPW                                        
VSS                                        |VSS                                        
---------------------------------------------------------------------------------------
Cell pin lists are equivalent.
Device classes gf180mcu_fd_sc_mcu7t5v0__nor4_4 and gf180mcu_fd_sc_mcu7t5v0__nor4_4 are equivalent.

Cell gf180mcu_fd_sc_mcu7t5v0__and4_2 (0) disconnected node: A1
Cell gf180mcu_fd_sc_mcu7t5v0__and4_2 (0) disconnected node: A2
Cell gf180mcu_fd_sc_mcu7t5v0__and4_2 (0) disconnected node: A3
Cell gf180mcu_fd_sc_mcu7t5v0__and4_2 (0) disconnected node: A4
Cell gf180mcu_fd_sc_mcu7t5v0__and4_2 (0) disconnected node: Z
Cell gf180mcu_fd_sc_mcu7t5v0__and4_2 (0) disconnected node: VDD
Cell gf180mcu_fd_sc_mcu7t5v0__and4_2 (0) disconnected node: VNW
Cell gf180mcu_fd_sc_mcu7t5v0__and4_2 (0) disconnected node: VPW
Cell gf180mcu_fd_sc_mcu7t5v0__and4_2 (0) disconnected node: VSS

Subcircuit pins:
Circuit 1: gf180mcu_fd_sc_mcu7t5v0__and4_2 |Circuit 2: gf180mcu_fd_sc_mcu7t5v0__and4_2 
-------------------------------------------|-------------------------------------------
A1                                         |A1                                         
A2                                         |A2                                         
A3                                         |A3                                         
A4                                         |A4                                         
Z                                          |Z                                          
VDD                                        |VDD                                        
VNW                                        |VNW                                        
VPW                                        |VPW                                        
VSS                                        |VSS                                        
---------------------------------------------------------------------------------------
Cell pin lists are equivalent.
Device classes gf180mcu_fd_sc_mcu7t5v0__and4_2 and gf180mcu_fd_sc_mcu7t5v0__and4_2 are equivalent.

Cell gf180mcu_fd_sc_mcu7t5v0__aoi211_1 (0) disconnected node: A1
Cell gf180mcu_fd_sc_mcu7t5v0__aoi211_1 (0) disconnected node: A2
Cell gf180mcu_fd_sc_mcu7t5v0__aoi211_1 (0) disconnected node: B
Cell gf180mcu_fd_sc_mcu7t5v0__aoi211_1 (0) disconnected node: C
Cell gf180mcu_fd_sc_mcu7t5v0__aoi211_1 (0) disconnected node: ZN
Cell gf180mcu_fd_sc_mcu7t5v0__aoi211_1 (0) disconnected node: VDD
Cell gf180mcu_fd_sc_mcu7t5v0__aoi211_1 (0) disconnected node: VNW
Cell gf180mcu_fd_sc_mcu7t5v0__aoi211_1 (0) disconnected node: VPW
Cell gf180mcu_fd_sc_mcu7t5v0__aoi211_1 (0) disconnected node: VSS

Subcircuit pins:
Circuit 1: gf180mcu_fd_sc_mcu7t5v0__aoi211 |Circuit 2: gf180mcu_fd_sc_mcu7t5v0__aoi211 
-------------------------------------------|-------------------------------------------
A1                                         |A1                                         
A2                                         |A2                                         
B                                          |B                                          
C                                          |C                                          
ZN                                         |ZN                                         
VDD                                        |VDD                                        
VNW                                        |VNW                                        
VPW                                        |VPW                                        
VSS                                        |VSS                                        
---------------------------------------------------------------------------------------
Cell pin lists are equivalent.
Device classes gf180mcu_fd_sc_mcu7t5v0__aoi211_1 and gf180mcu_fd_sc_mcu7t5v0__aoi211_1 are equivalent.

Cell gf180mcu_fd_sc_mcu7t5v0__aoi222_4 (0) disconnected node: A1
Cell gf180mcu_fd_sc_mcu7t5v0__aoi222_4 (0) disconnected node: A2
Cell gf180mcu_fd_sc_mcu7t5v0__aoi222_4 (0) disconnected node: B1
Cell gf180mcu_fd_sc_mcu7t5v0__aoi222_4 (0) disconnected node: B2
Cell gf180mcu_fd_sc_mcu7t5v0__aoi222_4 (0) disconnected node: C1
Cell gf180mcu_fd_sc_mcu7t5v0__aoi222_4 (0) disconnected node: C2
Cell gf180mcu_fd_sc_mcu7t5v0__aoi222_4 (0) disconnected node: ZN
Cell gf180mcu_fd_sc_mcu7t5v0__aoi222_4 (0) disconnected node: VDD
Cell gf180mcu_fd_sc_mcu7t5v0__aoi222_4 (0) disconnected node: VNW
Cell gf180mcu_fd_sc_mcu7t5v0__aoi222_4 (0) disconnected node: VPW
Cell gf180mcu_fd_sc_mcu7t5v0__aoi222_4 (0) disconnected node: VSS

Subcircuit pins:
Circuit 1: gf180mcu_fd_sc_mcu7t5v0__aoi222 |Circuit 2: gf180mcu_fd_sc_mcu7t5v0__aoi222 
-------------------------------------------|-------------------------------------------
A1                                         |A1                                         
A2                                         |A2                                         
B1                                         |B1                                         
B2                                         |B2                                         
C1                                         |C1                                         
C2                                         |C2                                         
ZN                                         |ZN                                         
VDD                                        |VDD                                        
VNW                                        |VNW                                        
VPW                                        |VPW                                        
VSS                                        |VSS                                        
---------------------------------------------------------------------------------------
Cell pin lists are equivalent.
Device classes gf180mcu_fd_sc_mcu7t5v0__aoi222_4 and gf180mcu_fd_sc_mcu7t5v0__aoi222_4 are equivalent.

Cell gf180mcu_fd_sc_mcu7t5v0__and3_1 (0) disconnected node: A1
Cell gf180mcu_fd_sc_mcu7t5v0__and3_1 (0) disconnected node: A2
Cell gf180mcu_fd_sc_mcu7t5v0__and3_1 (0) disconnected node: A3
Cell gf180mcu_fd_sc_mcu7t5v0__and3_1 (0) disconnected node: Z
Cell gf180mcu_fd_sc_mcu7t5v0__and3_1 (0) disconnected node: VDD
Cell gf180mcu_fd_sc_mcu7t5v0__and3_1 (0) disconnected node: VNW
Cell gf180mcu_fd_sc_mcu7t5v0__and3_1 (0) disconnected node: VPW
Cell gf180mcu_fd_sc_mcu7t5v0__and3_1 (0) disconnected node: VSS

Subcircuit pins:
Circuit 1: gf180mcu_fd_sc_mcu7t5v0__and3_1 |Circuit 2: gf180mcu_fd_sc_mcu7t5v0__and3_1 
-------------------------------------------|-------------------------------------------
A1                                         |A1                                         
A2                                         |A2                                         
A3                                         |A3                                         
Z                                          |Z                                          
VDD                                        |VDD                                        
VNW                                        |VNW                                        
VPW                                        |VPW                                        
VSS                                        |VSS                                        
---------------------------------------------------------------------------------------
Cell pin lists are equivalent.
Device classes gf180mcu_fd_sc_mcu7t5v0__and3_1 and gf180mcu_fd_sc_mcu7t5v0__and3_1 are equivalent.

Cell gf180mcu_fd_sc_mcu7t5v0__xor2_1 (0) disconnected node: A1
Cell gf180mcu_fd_sc_mcu7t5v0__xor2_1 (0) disconnected node: A2
Cell gf180mcu_fd_sc_mcu7t5v0__xor2_1 (0) disconnected node: Z
Cell gf180mcu_fd_sc_mcu7t5v0__xor2_1 (0) disconnected node: VDD
Cell gf180mcu_fd_sc_mcu7t5v0__xor2_1 (0) disconnected node: VNW
Cell gf180mcu_fd_sc_mcu7t5v0__xor2_1 (0) disconnected node: VPW
Cell gf180mcu_fd_sc_mcu7t5v0__xor2_1 (0) disconnected node: VSS

Subcircuit pins:
Circuit 1: gf180mcu_fd_sc_mcu7t5v0__xor2_1 |Circuit 2: gf180mcu_fd_sc_mcu7t5v0__xor2_1 
-------------------------------------------|-------------------------------------------
A1                                         |A1                                         
A2                                         |A2                                         
Z                                          |Z                                          
VDD                                        |VDD                                        
VNW                                        |VNW                                        
VPW                                        |VPW                                        
VSS                                        |VSS                                        
---------------------------------------------------------------------------------------
Cell pin lists are equivalent.
Device classes gf180mcu_fd_sc_mcu7t5v0__xor2_1 and gf180mcu_fd_sc_mcu7t5v0__xor2_1 are equivalent.

Cell gf180mcu_fd_sc_mcu7t5v0__xnor2_1 (0) disconnected node: A1
Cell gf180mcu_fd_sc_mcu7t5v0__xnor2_1 (0) disconnected node: A2
Cell gf180mcu_fd_sc_mcu7t5v0__xnor2_1 (0) disconnected node: ZN
Cell gf180mcu_fd_sc_mcu7t5v0__xnor2_1 (0) disconnected node: VDD
Cell gf180mcu_fd_sc_mcu7t5v0__xnor2_1 (0) disconnected node: VNW
Cell gf180mcu_fd_sc_mcu7t5v0__xnor2_1 (0) disconnected node: VPW
Cell gf180mcu_fd_sc_mcu7t5v0__xnor2_1 (0) disconnected node: VSS

Subcircuit pins:
Circuit 1: gf180mcu_fd_sc_mcu7t5v0__xnor2_ |Circuit 2: gf180mcu_fd_sc_mcu7t5v0__xnor2_ 
-------------------------------------------|-------------------------------------------
A1                                         |A1                                         
A2                                         |A2                                         
ZN                                         |ZN                                         
VDD                                        |VDD                                        
VNW                                        |VNW                                        
VPW                                        |VPW                                        
VSS                                        |VSS                                        
---------------------------------------------------------------------------------------
Cell pin lists are equivalent.
Device classes gf180mcu_fd_sc_mcu7t5v0__xnor2_1 and gf180mcu_fd_sc_mcu7t5v0__xnor2_1 are equivalent.

Cell gf180mcu_fd_sc_mcu7t5v0__and2_1 (0) disconnected node: A1
Cell gf180mcu_fd_sc_mcu7t5v0__and2_1 (0) disconnected node: A2
Cell gf180mcu_fd_sc_mcu7t5v0__and2_1 (0) disconnected node: Z
Cell gf180mcu_fd_sc_mcu7t5v0__and2_1 (0) disconnected node: VDD
Cell gf180mcu_fd_sc_mcu7t5v0__and2_1 (0) disconnected node: VNW
Cell gf180mcu_fd_sc_mcu7t5v0__and2_1 (0) disconnected node: VPW
Cell gf180mcu_fd_sc_mcu7t5v0__and2_1 (0) disconnected node: VSS

Subcircuit pins:
Circuit 1: gf180mcu_fd_sc_mcu7t5v0__and2_1 |Circuit 2: gf180mcu_fd_sc_mcu7t5v0__and2_1 
-------------------------------------------|-------------------------------------------
A1                                         |A1                                         
A2                                         |A2                                         
Z                                          |Z                                          
VDD                                        |VDD                                        
VNW                                        |VNW                                        
VPW                                        |VPW                                        
VSS                                        |VSS                                        
---------------------------------------------------------------------------------------
Cell pin lists are equivalent.
Device classes gf180mcu_fd_sc_mcu7t5v0__and2_1 and gf180mcu_fd_sc_mcu7t5v0__and2_1 are equivalent.

Cell gf180mcu_fd_sc_mcu7t5v0__or4_1 (0) disconnected node: A1
Cell gf180mcu_fd_sc_mcu7t5v0__or4_1 (0) disconnected node: A2
Cell gf180mcu_fd_sc_mcu7t5v0__or4_1 (0) disconnected node: A3
Cell gf180mcu_fd_sc_mcu7t5v0__or4_1 (0) disconnected node: A4
Cell gf180mcu_fd_sc_mcu7t5v0__or4_1 (0) disconnected node: Z
Cell gf180mcu_fd_sc_mcu7t5v0__or4_1 (0) disconnected node: VDD
Cell gf180mcu_fd_sc_mcu7t5v0__or4_1 (0) disconnected node: VNW
Cell gf180mcu_fd_sc_mcu7t5v0__or4_1 (0) disconnected node: VPW
Cell gf180mcu_fd_sc_mcu7t5v0__or4_1 (0) disconnected node: VSS

Subcircuit pins:
Circuit 1: gf180mcu_fd_sc_mcu7t5v0__or4_1  |Circuit 2: gf180mcu_fd_sc_mcu7t5v0__or4_1  
-------------------------------------------|-------------------------------------------
A1                                         |A1                                         
A2                                         |A2                                         
A3                                         |A3                                         
A4                                         |A4                                         
Z                                          |Z                                          
VDD                                        |VDD                                        
VNW                                        |VNW                                        
VPW                                        |VPW                                        
VSS                                        |VSS                                        
---------------------------------------------------------------------------------------
Cell pin lists are equivalent.
Device classes gf180mcu_fd_sc_mcu7t5v0__or4_1 and gf180mcu_fd_sc_mcu7t5v0__or4_1 are equivalent.

Cell gf180mcu_fd_sc_mcu7t5v0__dffq_4 (0) disconnected node: D
Cell gf180mcu_fd_sc_mcu7t5v0__dffq_4 (0) disconnected node: CLK
Cell gf180mcu_fd_sc_mcu7t5v0__dffq_4 (0) disconnected node: Q
Cell gf180mcu_fd_sc_mcu7t5v0__dffq_4 (0) disconnected node: VDD
Cell gf180mcu_fd_sc_mcu7t5v0__dffq_4 (0) disconnected node: VNW
Cell gf180mcu_fd_sc_mcu7t5v0__dffq_4 (0) disconnected node: VPW
Cell gf180mcu_fd_sc_mcu7t5v0__dffq_4 (0) disconnected node: VSS

Subcircuit pins:
Circuit 1: gf180mcu_fd_sc_mcu7t5v0__dffq_4 |Circuit 2: gf180mcu_fd_sc_mcu7t5v0__dffq_4 
-------------------------------------------|-------------------------------------------
D                                          |D                                          
CLK                                        |CLK                                        
Q                                          |Q                                          
VDD                                        |VDD                                        
VNW                                        |VNW                                        
VPW                                        |VPW                                        
VSS                                        |VSS                                        
---------------------------------------------------------------------------------------
Cell pin lists are equivalent.
Device classes gf180mcu_fd_sc_mcu7t5v0__dffq_4 and gf180mcu_fd_sc_mcu7t5v0__dffq_4 are equivalent.

Cell gf180mcu_fd_sc_mcu7t5v0__nor2_4 (0) disconnected node: A1
Cell gf180mcu_fd_sc_mcu7t5v0__nor2_4 (0) disconnected node: A2
Cell gf180mcu_fd_sc_mcu7t5v0__nor2_4 (0) disconnected node: ZN
Cell gf180mcu_fd_sc_mcu7t5v0__nor2_4 (0) disconnected node: VDD
Cell gf180mcu_fd_sc_mcu7t5v0__nor2_4 (0) disconnected node: VNW
Cell gf180mcu_fd_sc_mcu7t5v0__nor2_4 (0) disconnected node: VPW
Cell gf180mcu_fd_sc_mcu7t5v0__nor2_4 (0) disconnected node: VSS

Subcircuit pins:
Circuit 1: gf180mcu_fd_sc_mcu7t5v0__nor2_4 |Circuit 2: gf180mcu_fd_sc_mcu7t5v0__nor2_4 
-------------------------------------------|-------------------------------------------
A1                                         |A1                                         
A2                                         |A2                                         
ZN                                         |ZN                                         
VDD                                        |VDD                                        
VNW                                        |VNW                                        
VPW                                        |VPW                                        
VSS                                        |VSS                                        
---------------------------------------------------------------------------------------
Cell pin lists are equivalent.
Device classes gf180mcu_fd_sc_mcu7t5v0__nor2_4 and gf180mcu_fd_sc_mcu7t5v0__nor2_4 are equivalent.

Cell gf180mcu_fd_sc_mcu7t5v0__mux4_2 (0) disconnected node: I0
Cell gf180mcu_fd_sc_mcu7t5v0__mux4_2 (0) disconnected node: I1
Cell gf180mcu_fd_sc_mcu7t5v0__mux4_2 (0) disconnected node: I2
Cell gf180mcu_fd_sc_mcu7t5v0__mux4_2 (0) disconnected node: I3
Cell gf180mcu_fd_sc_mcu7t5v0__mux4_2 (0) disconnected node: S0
Cell gf180mcu_fd_sc_mcu7t5v0__mux4_2 (0) disconnected node: S1
Cell gf180mcu_fd_sc_mcu7t5v0__mux4_2 (0) disconnected node: Z
Cell gf180mcu_fd_sc_mcu7t5v0__mux4_2 (0) disconnected node: VDD
Cell gf180mcu_fd_sc_mcu7t5v0__mux4_2 (0) disconnected node: VNW
Cell gf180mcu_fd_sc_mcu7t5v0__mux4_2 (0) disconnected node: VPW
Cell gf180mcu_fd_sc_mcu7t5v0__mux4_2 (0) disconnected node: VSS

Subcircuit pins:
Circuit 1: gf180mcu_fd_sc_mcu7t5v0__mux4_2 |Circuit 2: gf180mcu_fd_sc_mcu7t5v0__mux4_2 
-------------------------------------------|-------------------------------------------
I0                                         |I0                                         
I1                                         |I1                                         
I2                                         |I2                                         
I3                                         |I3                                         
S0                                         |S0                                         
S1                                         |S1                                         
Z                                          |Z                                          
VDD                                        |VDD                                        
VNW                                        |VNW                                        
VPW                                        |VPW                                        
VSS                                        |VSS                                        
---------------------------------------------------------------------------------------
Cell pin lists are equivalent.
Device classes gf180mcu_fd_sc_mcu7t5v0__mux4_2 and gf180mcu_fd_sc_mcu7t5v0__mux4_2 are equivalent.

Cell gf180mcu_fd_sc_mcu7t5v0__dlyd_1 (0) disconnected node: I
Cell gf180mcu_fd_sc_mcu7t5v0__dlyd_1 (0) disconnected node: Z
Cell gf180mcu_fd_sc_mcu7t5v0__dlyd_1 (0) disconnected node: VDD
Cell gf180mcu_fd_sc_mcu7t5v0__dlyd_1 (0) disconnected node: VNW
Cell gf180mcu_fd_sc_mcu7t5v0__dlyd_1 (0) disconnected node: VPW
Cell gf180mcu_fd_sc_mcu7t5v0__dlyd_1 (0) disconnected node: VSS

Subcircuit pins:
Circuit 1: gf180mcu_fd_sc_mcu7t5v0__dlyd_1 |Circuit 2: gf180mcu_fd_sc_mcu7t5v0__dlyd_1 
-------------------------------------------|-------------------------------------------
I                                          |I                                          
Z                                          |Z                                          
VDD                                        |VDD                                        
VNW                                        |VNW                                        
VPW                                        |VPW                                        
VSS                                        |VSS                                        
---------------------------------------------------------------------------------------
Cell pin lists are equivalent.
Device classes gf180mcu_fd_sc_mcu7t5v0__dlyd_1 and gf180mcu_fd_sc_mcu7t5v0__dlyd_1 are equivalent.

Cell gf180mcu_fd_sc_mcu7t5v0__aoi221_2 (0) disconnected node: A1
Cell gf180mcu_fd_sc_mcu7t5v0__aoi221_2 (0) disconnected node: A2
Cell gf180mcu_fd_sc_mcu7t5v0__aoi221_2 (0) disconnected node: B1
Cell gf180mcu_fd_sc_mcu7t5v0__aoi221_2 (0) disconnected node: B2
Cell gf180mcu_fd_sc_mcu7t5v0__aoi221_2 (0) disconnected node: C
Cell gf180mcu_fd_sc_mcu7t5v0__aoi221_2 (0) disconnected node: ZN
Cell gf180mcu_fd_sc_mcu7t5v0__aoi221_2 (0) disconnected node: VDD
Cell gf180mcu_fd_sc_mcu7t5v0__aoi221_2 (0) disconnected node: VNW
Cell gf180mcu_fd_sc_mcu7t5v0__aoi221_2 (0) disconnected node: VPW
Cell gf180mcu_fd_sc_mcu7t5v0__aoi221_2 (0) disconnected node: VSS

Subcircuit pins:
Circuit 1: gf180mcu_fd_sc_mcu7t5v0__aoi221 |Circuit 2: gf180mcu_fd_sc_mcu7t5v0__aoi221 
-------------------------------------------|-------------------------------------------
A1                                         |A1                                         
A2                                         |A2                                         
B1                                         |B1                                         
B2                                         |B2                                         
C                                          |C                                          
ZN                                         |ZN                                         
VDD                                        |VDD                                        
VNW                                        |VNW                                        
VPW                                        |VPW                                        
VSS                                        |VSS                                        
---------------------------------------------------------------------------------------
Cell pin lists are equivalent.
Device classes gf180mcu_fd_sc_mcu7t5v0__aoi221_2 and gf180mcu_fd_sc_mcu7t5v0__aoi221_2 are equivalent.

Cell gf180mcu_fd_sc_mcu7t5v0__nand4_4 (0) disconnected node: A1
Cell gf180mcu_fd_sc_mcu7t5v0__nand4_4 (0) disconnected node: A2
Cell gf180mcu_fd_sc_mcu7t5v0__nand4_4 (0) disconnected node: A3
Cell gf180mcu_fd_sc_mcu7t5v0__nand4_4 (0) disconnected node: A4
Cell gf180mcu_fd_sc_mcu7t5v0__nand4_4 (0) disconnected node: ZN
Cell gf180mcu_fd_sc_mcu7t5v0__nand4_4 (0) disconnected node: VDD
Cell gf180mcu_fd_sc_mcu7t5v0__nand4_4 (0) disconnected node: VNW
Cell gf180mcu_fd_sc_mcu7t5v0__nand4_4 (0) disconnected node: VPW
Cell gf180mcu_fd_sc_mcu7t5v0__nand4_4 (0) disconnected node: VSS

Subcircuit pins:
Circuit 1: gf180mcu_fd_sc_mcu7t5v0__nand4_ |Circuit 2: gf180mcu_fd_sc_mcu7t5v0__nand4_ 
-------------------------------------------|-------------------------------------------
A1                                         |A1                                         
A2                                         |A2                                         
A3                                         |A3                                         
A4                                         |A4                                         
ZN                                         |ZN                                         
VDD                                        |VDD                                        
VNW                                        |VNW                                        
VPW                                        |VPW                                        
VSS                                        |VSS                                        
---------------------------------------------------------------------------------------
Cell pin lists are equivalent.
Device classes gf180mcu_fd_sc_mcu7t5v0__nand4_4 and gf180mcu_fd_sc_mcu7t5v0__nand4_4 are equivalent.

Cell gf180mcu_fd_sc_mcu7t5v0__and3_2 (0) disconnected node: A1
Cell gf180mcu_fd_sc_mcu7t5v0__and3_2 (0) disconnected node: A2
Cell gf180mcu_fd_sc_mcu7t5v0__and3_2 (0) disconnected node: A3
Cell gf180mcu_fd_sc_mcu7t5v0__and3_2 (0) disconnected node: Z
Cell gf180mcu_fd_sc_mcu7t5v0__and3_2 (0) disconnected node: VDD
Cell gf180mcu_fd_sc_mcu7t5v0__and3_2 (0) disconnected node: VNW
Cell gf180mcu_fd_sc_mcu7t5v0__and3_2 (0) disconnected node: VPW
Cell gf180mcu_fd_sc_mcu7t5v0__and3_2 (0) disconnected node: VSS

Subcircuit pins:
Circuit 1: gf180mcu_fd_sc_mcu7t5v0__and3_2 |Circuit 2: gf180mcu_fd_sc_mcu7t5v0__and3_2 
-------------------------------------------|-------------------------------------------
A1                                         |A1                                         
A2                                         |A2                                         
A3                                         |A3                                         
Z                                          |Z                                          
VDD                                        |VDD                                        
VNW                                        |VNW                                        
VPW                                        |VPW                                        
VSS                                        |VSS                                        
---------------------------------------------------------------------------------------
Cell pin lists are equivalent.
Device classes gf180mcu_fd_sc_mcu7t5v0__and3_2 and gf180mcu_fd_sc_mcu7t5v0__and3_2 are equivalent.

Cell gf180mcu_fd_sc_mcu7t5v0__oai31_1 (0) disconnected node: A1
Cell gf180mcu_fd_sc_mcu7t5v0__oai31_1 (0) disconnected node: A2
Cell gf180mcu_fd_sc_mcu7t5v0__oai31_1 (0) disconnected node: A3
Cell gf180mcu_fd_sc_mcu7t5v0__oai31_1 (0) disconnected node: B
Cell gf180mcu_fd_sc_mcu7t5v0__oai31_1 (0) disconnected node: ZN
Cell gf180mcu_fd_sc_mcu7t5v0__oai31_1 (0) disconnected node: VDD
Cell gf180mcu_fd_sc_mcu7t5v0__oai31_1 (0) disconnected node: VNW
Cell gf180mcu_fd_sc_mcu7t5v0__oai31_1 (0) disconnected node: VPW
Cell gf180mcu_fd_sc_mcu7t5v0__oai31_1 (0) disconnected node: VSS

Subcircuit pins:
Circuit 1: gf180mcu_fd_sc_mcu7t5v0__oai31_ |Circuit 2: gf180mcu_fd_sc_mcu7t5v0__oai31_ 
-------------------------------------------|-------------------------------------------
A1                                         |A1                                         
A2                                         |A2                                         
A3                                         |A3                                         
B                                          |B                                          
ZN                                         |ZN                                         
VDD                                        |VDD                                        
VNW                                        |VNW                                        
VPW                                        |VPW                                        
VSS                                        |VSS                                        
---------------------------------------------------------------------------------------
Cell pin lists are equivalent.
Device classes gf180mcu_fd_sc_mcu7t5v0__oai31_1 and gf180mcu_fd_sc_mcu7t5v0__oai31_1 are equivalent.

Cell gf180mcu_fd_sc_mcu7t5v0__or4_2 (0) disconnected node: A1
Cell gf180mcu_fd_sc_mcu7t5v0__or4_2 (0) disconnected node: A2
Cell gf180mcu_fd_sc_mcu7t5v0__or4_2 (0) disconnected node: A3
Cell gf180mcu_fd_sc_mcu7t5v0__or4_2 (0) disconnected node: A4
Cell gf180mcu_fd_sc_mcu7t5v0__or4_2 (0) disconnected node: Z
Cell gf180mcu_fd_sc_mcu7t5v0__or4_2 (0) disconnected node: VDD
Cell gf180mcu_fd_sc_mcu7t5v0__or4_2 (0) disconnected node: VNW
Cell gf180mcu_fd_sc_mcu7t5v0__or4_2 (0) disconnected node: VPW
Cell gf180mcu_fd_sc_mcu7t5v0__or4_2 (0) disconnected node: VSS

Subcircuit pins:
Circuit 1: gf180mcu_fd_sc_mcu7t5v0__or4_2  |Circuit 2: gf180mcu_fd_sc_mcu7t5v0__or4_2  
-------------------------------------------|-------------------------------------------
A1                                         |A1                                         
A2                                         |A2                                         
A3                                         |A3                                         
A4                                         |A4                                         
Z                                          |Z                                          
VDD                                        |VDD                                        
VNW                                        |VNW                                        
VPW                                        |VPW                                        
VSS                                        |VSS                                        
---------------------------------------------------------------------------------------
Cell pin lists are equivalent.
Device classes gf180mcu_fd_sc_mcu7t5v0__or4_2 and gf180mcu_fd_sc_mcu7t5v0__or4_2 are equivalent.

Cell gf180mcu_fd_sc_mcu7t5v0__clkbuf_12 (0) disconnected node: I
Cell gf180mcu_fd_sc_mcu7t5v0__clkbuf_12 (0) disconnected node: Z
Cell gf180mcu_fd_sc_mcu7t5v0__clkbuf_12 (0) disconnected node: VDD
Cell gf180mcu_fd_sc_mcu7t5v0__clkbuf_12 (0) disconnected node: VNW
Cell gf180mcu_fd_sc_mcu7t5v0__clkbuf_12 (0) disconnected node: VPW
Cell gf180mcu_fd_sc_mcu7t5v0__clkbuf_12 (0) disconnected node: VSS

Subcircuit pins:
Circuit 1: gf180mcu_fd_sc_mcu7t5v0__clkbuf |Circuit 2: gf180mcu_fd_sc_mcu7t5v0__clkbuf 
-------------------------------------------|-------------------------------------------
I                                          |I                                          
Z                                          |Z                                          
VDD                                        |VDD                                        
VNW                                        |VNW                                        
VPW                                        |VPW                                        
VSS                                        |VSS                                        
---------------------------------------------------------------------------------------
Cell pin lists are equivalent.
Device classes gf180mcu_fd_sc_mcu7t5v0__clkbuf_12 and gf180mcu_fd_sc_mcu7t5v0__clkbuf_12 are equivalent.

Cell gf180mcu_fd_sc_mcu7t5v0__aoi221_1 (0) disconnected node: A1
Cell gf180mcu_fd_sc_mcu7t5v0__aoi221_1 (0) disconnected node: A2
Cell gf180mcu_fd_sc_mcu7t5v0__aoi221_1 (0) disconnected node: B1
Cell gf180mcu_fd_sc_mcu7t5v0__aoi221_1 (0) disconnected node: B2
Cell gf180mcu_fd_sc_mcu7t5v0__aoi221_1 (0) disconnected node: C
Cell gf180mcu_fd_sc_mcu7t5v0__aoi221_1 (0) disconnected node: ZN
Cell gf180mcu_fd_sc_mcu7t5v0__aoi221_1 (0) disconnected node: VDD
Cell gf180mcu_fd_sc_mcu7t5v0__aoi221_1 (0) disconnected node: VNW
Cell gf180mcu_fd_sc_mcu7t5v0__aoi221_1 (0) disconnected node: VPW
Cell gf180mcu_fd_sc_mcu7t5v0__aoi221_1 (0) disconnected node: VSS

Subcircuit pins:
Circuit 1: gf180mcu_fd_sc_mcu7t5v0__aoi221 |Circuit 2: gf180mcu_fd_sc_mcu7t5v0__aoi221 
-------------------------------------------|-------------------------------------------
A1                                         |A1                                         
A2                                         |A2                                         
B1                                         |B1                                         
B2                                         |B2                                         
C                                          |C                                          
ZN                                         |ZN                                         
VDD                                        |VDD                                        
VNW                                        |VNW                                        
VPW                                        |VPW                                        
VSS                                        |VSS                                        
---------------------------------------------------------------------------------------
Cell pin lists are equivalent.
Device classes gf180mcu_fd_sc_mcu7t5v0__aoi221_1 and gf180mcu_fd_sc_mcu7t5v0__aoi221_1 are equivalent.

Cell gf180mcu_fd_sc_mcu7t5v0__aoi211_2 (0) disconnected node: A1
Cell gf180mcu_fd_sc_mcu7t5v0__aoi211_2 (0) disconnected node: A2
Cell gf180mcu_fd_sc_mcu7t5v0__aoi211_2 (0) disconnected node: B
Cell gf180mcu_fd_sc_mcu7t5v0__aoi211_2 (0) disconnected node: C
Cell gf180mcu_fd_sc_mcu7t5v0__aoi211_2 (0) disconnected node: ZN
Cell gf180mcu_fd_sc_mcu7t5v0__aoi211_2 (0) disconnected node: VDD
Cell gf180mcu_fd_sc_mcu7t5v0__aoi211_2 (0) disconnected node: VNW
Cell gf180mcu_fd_sc_mcu7t5v0__aoi211_2 (0) disconnected node: VPW
Cell gf180mcu_fd_sc_mcu7t5v0__aoi211_2 (0) disconnected node: VSS

Subcircuit pins:
Circuit 1: gf180mcu_fd_sc_mcu7t5v0__aoi211 |Circuit 2: gf180mcu_fd_sc_mcu7t5v0__aoi211 
-------------------------------------------|-------------------------------------------
A1                                         |A1                                         
A2                                         |A2                                         
B                                          |B                                          
C                                          |C                                          
ZN                                         |ZN                                         
VDD                                        |VDD                                        
VNW                                        |VNW                                        
VPW                                        |VPW                                        
VSS                                        |VSS                                        
---------------------------------------------------------------------------------------
Cell pin lists are equivalent.
Device classes gf180mcu_fd_sc_mcu7t5v0__aoi211_2 and gf180mcu_fd_sc_mcu7t5v0__aoi211_2 are equivalent.

Cell gf180mcu_fd_sc_mcu7t5v0__nor4_2 (0) disconnected node: A1
Cell gf180mcu_fd_sc_mcu7t5v0__nor4_2 (0) disconnected node: A2
Cell gf180mcu_fd_sc_mcu7t5v0__nor4_2 (0) disconnected node: A3
Cell gf180mcu_fd_sc_mcu7t5v0__nor4_2 (0) disconnected node: A4
Cell gf180mcu_fd_sc_mcu7t5v0__nor4_2 (0) disconnected node: ZN
Cell gf180mcu_fd_sc_mcu7t5v0__nor4_2 (0) disconnected node: VDD
Cell gf180mcu_fd_sc_mcu7t5v0__nor4_2 (0) disconnected node: VNW
Cell gf180mcu_fd_sc_mcu7t5v0__nor4_2 (0) disconnected node: VPW
Cell gf180mcu_fd_sc_mcu7t5v0__nor4_2 (0) disconnected node: VSS

Subcircuit pins:
Circuit 1: gf180mcu_fd_sc_mcu7t5v0__nor4_2 |Circuit 2: gf180mcu_fd_sc_mcu7t5v0__nor4_2 
-------------------------------------------|-------------------------------------------
A1                                         |A1                                         
A2                                         |A2                                         
A3                                         |A3                                         
A4                                         |A4                                         
ZN                                         |ZN                                         
VDD                                        |VDD                                        
VNW                                        |VNW                                        
VPW                                        |VPW                                        
VSS                                        |VSS                                        
---------------------------------------------------------------------------------------
Cell pin lists are equivalent.
Device classes gf180mcu_fd_sc_mcu7t5v0__nor4_2 and gf180mcu_fd_sc_mcu7t5v0__nor4_2 are equivalent.

Cell gf180mcu_fd_sc_mcu7t5v0__nor3_2 (0) disconnected node: A1
Cell gf180mcu_fd_sc_mcu7t5v0__nor3_2 (0) disconnected node: A2
Cell gf180mcu_fd_sc_mcu7t5v0__nor3_2 (0) disconnected node: A3
Cell gf180mcu_fd_sc_mcu7t5v0__nor3_2 (0) disconnected node: ZN
Cell gf180mcu_fd_sc_mcu7t5v0__nor3_2 (0) disconnected node: VDD
Cell gf180mcu_fd_sc_mcu7t5v0__nor3_2 (0) disconnected node: VNW
Cell gf180mcu_fd_sc_mcu7t5v0__nor3_2 (0) disconnected node: VPW
Cell gf180mcu_fd_sc_mcu7t5v0__nor3_2 (0) disconnected node: VSS

Subcircuit pins:
Circuit 1: gf180mcu_fd_sc_mcu7t5v0__nor3_2 |Circuit 2: gf180mcu_fd_sc_mcu7t5v0__nor3_2 
-------------------------------------------|-------------------------------------------
A1                                         |A1                                         
A2                                         |A2                                         
A3                                         |A3                                         
ZN                                         |ZN                                         
VDD                                        |VDD                                        
VNW                                        |VNW                                        
VPW                                        |VPW                                        
VSS                                        |VSS                                        
---------------------------------------------------------------------------------------
Cell pin lists are equivalent.
Device classes gf180mcu_fd_sc_mcu7t5v0__nor3_2 and gf180mcu_fd_sc_mcu7t5v0__nor3_2 are equivalent.

Cell gf180mcu_fd_sc_mcu7t5v0__oai211_2 (0) disconnected node: A1
Cell gf180mcu_fd_sc_mcu7t5v0__oai211_2 (0) disconnected node: A2
Cell gf180mcu_fd_sc_mcu7t5v0__oai211_2 (0) disconnected node: B
Cell gf180mcu_fd_sc_mcu7t5v0__oai211_2 (0) disconnected node: C
Cell gf180mcu_fd_sc_mcu7t5v0__oai211_2 (0) disconnected node: ZN
Cell gf180mcu_fd_sc_mcu7t5v0__oai211_2 (0) disconnected node: VDD
Cell gf180mcu_fd_sc_mcu7t5v0__oai211_2 (0) disconnected node: VNW
Cell gf180mcu_fd_sc_mcu7t5v0__oai211_2 (0) disconnected node: VPW
Cell gf180mcu_fd_sc_mcu7t5v0__oai211_2 (0) disconnected node: VSS

Subcircuit pins:
Circuit 1: gf180mcu_fd_sc_mcu7t5v0__oai211 |Circuit 2: gf180mcu_fd_sc_mcu7t5v0__oai211 
-------------------------------------------|-------------------------------------------
A1                                         |A1                                         
A2                                         |A2                                         
B                                          |B                                          
C                                          |C                                          
ZN                                         |ZN                                         
VDD                                        |VDD                                        
VNW                                        |VNW                                        
VPW                                        |VPW                                        
VSS                                        |VSS                                        
---------------------------------------------------------------------------------------
Cell pin lists are equivalent.
Device classes gf180mcu_fd_sc_mcu7t5v0__oai211_2 and gf180mcu_fd_sc_mcu7t5v0__oai211_2 are equivalent.

Cell gf180mcu_fd_sc_mcu7t5v0__nand2_4 (0) disconnected node: A1
Cell gf180mcu_fd_sc_mcu7t5v0__nand2_4 (0) disconnected node: A2
Cell gf180mcu_fd_sc_mcu7t5v0__nand2_4 (0) disconnected node: ZN
Cell gf180mcu_fd_sc_mcu7t5v0__nand2_4 (0) disconnected node: VDD
Cell gf180mcu_fd_sc_mcu7t5v0__nand2_4 (0) disconnected node: VNW
Cell gf180mcu_fd_sc_mcu7t5v0__nand2_4 (0) disconnected node: VPW
Cell gf180mcu_fd_sc_mcu7t5v0__nand2_4 (0) disconnected node: VSS

Subcircuit pins:
Circuit 1: gf180mcu_fd_sc_mcu7t5v0__nand2_ |Circuit 2: gf180mcu_fd_sc_mcu7t5v0__nand2_ 
-------------------------------------------|-------------------------------------------
A1                                         |A1                                         
A2                                         |A2                                         
ZN                                         |ZN                                         
VDD                                        |VDD                                        
VNW                                        |VNW                                        
VPW                                        |VPW                                        
VSS                                        |VSS                                        
---------------------------------------------------------------------------------------
Cell pin lists are equivalent.
Device classes gf180mcu_fd_sc_mcu7t5v0__nand2_4 and gf180mcu_fd_sc_mcu7t5v0__nand2_4 are equivalent.

Cell gf180mcu_fd_sc_mcu7t5v0__inv_3 (0) disconnected node: I
Cell gf180mcu_fd_sc_mcu7t5v0__inv_3 (0) disconnected node: ZN
Cell gf180mcu_fd_sc_mcu7t5v0__inv_3 (0) disconnected node: VDD
Cell gf180mcu_fd_sc_mcu7t5v0__inv_3 (0) disconnected node: VNW
Cell gf180mcu_fd_sc_mcu7t5v0__inv_3 (0) disconnected node: VPW
Cell gf180mcu_fd_sc_mcu7t5v0__inv_3 (0) disconnected node: VSS

Subcircuit pins:
Circuit 1: gf180mcu_fd_sc_mcu7t5v0__inv_3  |Circuit 2: gf180mcu_fd_sc_mcu7t5v0__inv_3  
-------------------------------------------|-------------------------------------------
I                                          |I                                          
ZN                                         |ZN                                         
VDD                                        |VDD                                        
VNW                                        |VNW                                        
VPW                                        |VPW                                        
VSS                                        |VSS                                        
---------------------------------------------------------------------------------------
Cell pin lists are equivalent.
Device classes gf180mcu_fd_sc_mcu7t5v0__inv_3 and gf180mcu_fd_sc_mcu7t5v0__inv_3 are equivalent.

Cell gf180mcu_fd_sc_mcu7t5v0__inv_2 (0) disconnected node: I
Cell gf180mcu_fd_sc_mcu7t5v0__inv_2 (0) disconnected node: ZN
Cell gf180mcu_fd_sc_mcu7t5v0__inv_2 (0) disconnected node: VDD
Cell gf180mcu_fd_sc_mcu7t5v0__inv_2 (0) disconnected node: VNW
Cell gf180mcu_fd_sc_mcu7t5v0__inv_2 (0) disconnected node: VPW
Cell gf180mcu_fd_sc_mcu7t5v0__inv_2 (0) disconnected node: VSS

Subcircuit pins:
Circuit 1: gf180mcu_fd_sc_mcu7t5v0__inv_2  |Circuit 2: gf180mcu_fd_sc_mcu7t5v0__inv_2  
-------------------------------------------|-------------------------------------------
I                                          |I                                          
ZN                                         |ZN                                         
VDD                                        |VDD                                        
VNW                                        |VNW                                        
VPW                                        |VPW                                        
VSS                                        |VSS                                        
---------------------------------------------------------------------------------------
Cell pin lists are equivalent.
Device classes gf180mcu_fd_sc_mcu7t5v0__inv_2 and gf180mcu_fd_sc_mcu7t5v0__inv_2 are equivalent.

Cell gf180mcu_fd_sc_mcu7t5v0__inv_12 (0) disconnected node: I
Cell gf180mcu_fd_sc_mcu7t5v0__inv_12 (0) disconnected node: ZN
Cell gf180mcu_fd_sc_mcu7t5v0__inv_12 (0) disconnected node: VDD
Cell gf180mcu_fd_sc_mcu7t5v0__inv_12 (0) disconnected node: VNW
Cell gf180mcu_fd_sc_mcu7t5v0__inv_12 (0) disconnected node: VPW
Cell gf180mcu_fd_sc_mcu7t5v0__inv_12 (0) disconnected node: VSS

Subcircuit pins:
Circuit 1: gf180mcu_fd_sc_mcu7t5v0__inv_12 |Circuit 2: gf180mcu_fd_sc_mcu7t5v0__inv_12 
-------------------------------------------|-------------------------------------------
I                                          |I                                          
ZN                                         |ZN                                         
VDD                                        |VDD                                        
VNW                                        |VNW                                        
VPW                                        |VPW                                        
VSS                                        |VSS                                        
---------------------------------------------------------------------------------------
Cell pin lists are equivalent.
Device classes gf180mcu_fd_sc_mcu7t5v0__inv_12 and gf180mcu_fd_sc_mcu7t5v0__inv_12 are equivalent.

Cell gf180mcu_fd_sc_mcu7t5v0__and3_4 (0) disconnected node: A1
Cell gf180mcu_fd_sc_mcu7t5v0__and3_4 (0) disconnected node: A2
Cell gf180mcu_fd_sc_mcu7t5v0__and3_4 (0) disconnected node: A3
Cell gf180mcu_fd_sc_mcu7t5v0__and3_4 (0) disconnected node: Z
Cell gf180mcu_fd_sc_mcu7t5v0__and3_4 (0) disconnected node: VDD
Cell gf180mcu_fd_sc_mcu7t5v0__and3_4 (0) disconnected node: VNW
Cell gf180mcu_fd_sc_mcu7t5v0__and3_4 (0) disconnected node: VPW
Cell gf180mcu_fd_sc_mcu7t5v0__and3_4 (0) disconnected node: VSS

Subcircuit pins:
Circuit 1: gf180mcu_fd_sc_mcu7t5v0__and3_4 |Circuit 2: gf180mcu_fd_sc_mcu7t5v0__and3_4 
-------------------------------------------|-------------------------------------------
A1                                         |A1                                         
A2                                         |A2                                         
A3                                         |A3                                         
Z                                          |Z                                          
VDD                                        |VDD                                        
VNW                                        |VNW                                        
VPW                                        |VPW                                        
VSS                                        |VSS                                        
---------------------------------------------------------------------------------------
Cell pin lists are equivalent.
Device classes gf180mcu_fd_sc_mcu7t5v0__and3_4 and gf180mcu_fd_sc_mcu7t5v0__and3_4 are equivalent.

Cell gf180mcu_fd_sc_mcu7t5v0__inv_4 (0) disconnected node: I
Cell gf180mcu_fd_sc_mcu7t5v0__inv_4 (0) disconnected node: ZN
Cell gf180mcu_fd_sc_mcu7t5v0__inv_4 (0) disconnected node: VDD
Cell gf180mcu_fd_sc_mcu7t5v0__inv_4 (0) disconnected node: VNW
Cell gf180mcu_fd_sc_mcu7t5v0__inv_4 (0) disconnected node: VPW
Cell gf180mcu_fd_sc_mcu7t5v0__inv_4 (0) disconnected node: VSS

Subcircuit pins:
Circuit 1: gf180mcu_fd_sc_mcu7t5v0__inv_4  |Circuit 2: gf180mcu_fd_sc_mcu7t5v0__inv_4  
-------------------------------------------|-------------------------------------------
I                                          |I                                          
ZN                                         |ZN                                         
VDD                                        |VDD                                        
VNW                                        |VNW                                        
VPW                                        |VPW                                        
VSS                                        |VSS                                        
---------------------------------------------------------------------------------------
Cell pin lists are equivalent.
Device classes gf180mcu_fd_sc_mcu7t5v0__inv_4 and gf180mcu_fd_sc_mcu7t5v0__inv_4 are equivalent.

Cell gf180mcu_fd_sc_mcu7t5v0__or3_2 (0) disconnected node: A1
Cell gf180mcu_fd_sc_mcu7t5v0__or3_2 (0) disconnected node: A2
Cell gf180mcu_fd_sc_mcu7t5v0__or3_2 (0) disconnected node: A3
Cell gf180mcu_fd_sc_mcu7t5v0__or3_2 (0) disconnected node: Z
Cell gf180mcu_fd_sc_mcu7t5v0__or3_2 (0) disconnected node: VDD
Cell gf180mcu_fd_sc_mcu7t5v0__or3_2 (0) disconnected node: VNW
Cell gf180mcu_fd_sc_mcu7t5v0__or3_2 (0) disconnected node: VPW
Cell gf180mcu_fd_sc_mcu7t5v0__or3_2 (0) disconnected node: VSS

Subcircuit pins:
Circuit 1: gf180mcu_fd_sc_mcu7t5v0__or3_2  |Circuit 2: gf180mcu_fd_sc_mcu7t5v0__or3_2  
-------------------------------------------|-------------------------------------------
A1                                         |A1                                         
A2                                         |A2                                         
A3                                         |A3                                         
Z                                          |Z                                          
VDD                                        |VDD                                        
VNW                                        |VNW                                        
VPW                                        |VPW                                        
VSS                                        |VSS                                        
---------------------------------------------------------------------------------------
Cell pin lists are equivalent.
Device classes gf180mcu_fd_sc_mcu7t5v0__or3_2 and gf180mcu_fd_sc_mcu7t5v0__or3_2 are equivalent.

Cell gf180mcu_fd_sc_mcu7t5v0__xor2_4 (0) disconnected node: A1
Cell gf180mcu_fd_sc_mcu7t5v0__xor2_4 (0) disconnected node: A2
Cell gf180mcu_fd_sc_mcu7t5v0__xor2_4 (0) disconnected node: Z
Cell gf180mcu_fd_sc_mcu7t5v0__xor2_4 (0) disconnected node: VDD
Cell gf180mcu_fd_sc_mcu7t5v0__xor2_4 (0) disconnected node: VNW
Cell gf180mcu_fd_sc_mcu7t5v0__xor2_4 (0) disconnected node: VPW
Cell gf180mcu_fd_sc_mcu7t5v0__xor2_4 (0) disconnected node: VSS

Subcircuit pins:
Circuit 1: gf180mcu_fd_sc_mcu7t5v0__xor2_4 |Circuit 2: gf180mcu_fd_sc_mcu7t5v0__xor2_4 
-------------------------------------------|-------------------------------------------
A1                                         |A1                                         
A2                                         |A2                                         
Z                                          |Z                                          
VDD                                        |VDD                                        
VNW                                        |VNW                                        
VPW                                        |VPW                                        
VSS                                        |VSS                                        
---------------------------------------------------------------------------------------
Cell pin lists are equivalent.
Device classes gf180mcu_fd_sc_mcu7t5v0__xor2_4 and gf180mcu_fd_sc_mcu7t5v0__xor2_4 are equivalent.

Cell gf180mcu_fd_sc_mcu7t5v0__clkinv_4 (0) disconnected node: I
Cell gf180mcu_fd_sc_mcu7t5v0__clkinv_4 (0) disconnected node: ZN
Cell gf180mcu_fd_sc_mcu7t5v0__clkinv_4 (0) disconnected node: VDD
Cell gf180mcu_fd_sc_mcu7t5v0__clkinv_4 (0) disconnected node: VNW
Cell gf180mcu_fd_sc_mcu7t5v0__clkinv_4 (0) disconnected node: VPW
Cell gf180mcu_fd_sc_mcu7t5v0__clkinv_4 (0) disconnected node: VSS

Subcircuit pins:
Circuit 1: gf180mcu_fd_sc_mcu7t5v0__clkinv |Circuit 2: gf180mcu_fd_sc_mcu7t5v0__clkinv 
-------------------------------------------|-------------------------------------------
I                                          |I                                          
ZN                                         |ZN                                         
VDD                                        |VDD                                        
VNW                                        |VNW                                        
VPW                                        |VPW                                        
VSS                                        |VSS                                        
---------------------------------------------------------------------------------------
Cell pin lists are equivalent.
Device classes gf180mcu_fd_sc_mcu7t5v0__clkinv_4 and gf180mcu_fd_sc_mcu7t5v0__clkinv_4 are equivalent.

Cell gf180mcu_fd_sc_mcu7t5v0__clkinv_12 (0) disconnected node: I
Cell gf180mcu_fd_sc_mcu7t5v0__clkinv_12 (0) disconnected node: ZN
Cell gf180mcu_fd_sc_mcu7t5v0__clkinv_12 (0) disconnected node: VDD
Cell gf180mcu_fd_sc_mcu7t5v0__clkinv_12 (0) disconnected node: VNW
Cell gf180mcu_fd_sc_mcu7t5v0__clkinv_12 (0) disconnected node: VPW
Cell gf180mcu_fd_sc_mcu7t5v0__clkinv_12 (0) disconnected node: VSS

Subcircuit pins:
Circuit 1: gf180mcu_fd_sc_mcu7t5v0__clkinv |Circuit 2: gf180mcu_fd_sc_mcu7t5v0__clkinv 
-------------------------------------------|-------------------------------------------
I                                          |I                                          
ZN                                         |ZN                                         
VDD                                        |VDD                                        
VNW                                        |VNW                                        
VPW                                        |VPW                                        
VSS                                        |VSS                                        
---------------------------------------------------------------------------------------
Cell pin lists are equivalent.
Device classes gf180mcu_fd_sc_mcu7t5v0__clkinv_12 and gf180mcu_fd_sc_mcu7t5v0__clkinv_12 are equivalent.

Cell gf180mcu_fd_sc_mcu7t5v0__oai211_4 (0) disconnected node: A1
Cell gf180mcu_fd_sc_mcu7t5v0__oai211_4 (0) disconnected node: A2
Cell gf180mcu_fd_sc_mcu7t5v0__oai211_4 (0) disconnected node: B
Cell gf180mcu_fd_sc_mcu7t5v0__oai211_4 (0) disconnected node: C
Cell gf180mcu_fd_sc_mcu7t5v0__oai211_4 (0) disconnected node: ZN
Cell gf180mcu_fd_sc_mcu7t5v0__oai211_4 (0) disconnected node: VDD
Cell gf180mcu_fd_sc_mcu7t5v0__oai211_4 (0) disconnected node: VNW
Cell gf180mcu_fd_sc_mcu7t5v0__oai211_4 (0) disconnected node: VPW
Cell gf180mcu_fd_sc_mcu7t5v0__oai211_4 (0) disconnected node: VSS

Subcircuit pins:
Circuit 1: gf180mcu_fd_sc_mcu7t5v0__oai211 |Circuit 2: gf180mcu_fd_sc_mcu7t5v0__oai211 
-------------------------------------------|-------------------------------------------
A1                                         |A1                                         
A2                                         |A2                                         
B                                          |B                                          
C                                          |C                                          
ZN                                         |ZN                                         
VDD                                        |VDD                                        
VNW                                        |VNW                                        
VPW                                        |VPW                                        
VSS                                        |VSS                                        
---------------------------------------------------------------------------------------
Cell pin lists are equivalent.
Device classes gf180mcu_fd_sc_mcu7t5v0__oai211_4 and gf180mcu_fd_sc_mcu7t5v0__oai211_4 are equivalent.

Cell gf180mcu_fd_sc_mcu7t5v0__nand2_2 (0) disconnected node: A1
Cell gf180mcu_fd_sc_mcu7t5v0__nand2_2 (0) disconnected node: A2
Cell gf180mcu_fd_sc_mcu7t5v0__nand2_2 (0) disconnected node: ZN
Cell gf180mcu_fd_sc_mcu7t5v0__nand2_2 (0) disconnected node: VDD
Cell gf180mcu_fd_sc_mcu7t5v0__nand2_2 (0) disconnected node: VNW
Cell gf180mcu_fd_sc_mcu7t5v0__nand2_2 (0) disconnected node: VPW
Cell gf180mcu_fd_sc_mcu7t5v0__nand2_2 (0) disconnected node: VSS

Subcircuit pins:
Circuit 1: gf180mcu_fd_sc_mcu7t5v0__nand2_ |Circuit 2: gf180mcu_fd_sc_mcu7t5v0__nand2_ 
-------------------------------------------|-------------------------------------------
A1                                         |A1                                         
A2                                         |A2                                         
ZN                                         |ZN                                         
VDD                                        |VDD                                        
VNW                                        |VNW                                        
VPW                                        |VPW                                        
VSS                                        |VSS                                        
---------------------------------------------------------------------------------------
Cell pin lists are equivalent.
Device classes gf180mcu_fd_sc_mcu7t5v0__nand2_2 and gf180mcu_fd_sc_mcu7t5v0__nand2_2 are equivalent.

Cell gf180mcu_fd_sc_mcu7t5v0__oai31_2 (0) disconnected node: A1
Cell gf180mcu_fd_sc_mcu7t5v0__oai31_2 (0) disconnected node: A2
Cell gf180mcu_fd_sc_mcu7t5v0__oai31_2 (0) disconnected node: A3
Cell gf180mcu_fd_sc_mcu7t5v0__oai31_2 (0) disconnected node: B
Cell gf180mcu_fd_sc_mcu7t5v0__oai31_2 (0) disconnected node: ZN
Cell gf180mcu_fd_sc_mcu7t5v0__oai31_2 (0) disconnected node: VDD
Cell gf180mcu_fd_sc_mcu7t5v0__oai31_2 (0) disconnected node: VNW
Cell gf180mcu_fd_sc_mcu7t5v0__oai31_2 (0) disconnected node: VPW
Cell gf180mcu_fd_sc_mcu7t5v0__oai31_2 (0) disconnected node: VSS

Subcircuit pins:
Circuit 1: gf180mcu_fd_sc_mcu7t5v0__oai31_ |Circuit 2: gf180mcu_fd_sc_mcu7t5v0__oai31_ 
-------------------------------------------|-------------------------------------------
A1                                         |A1                                         
A2                                         |A2                                         
A3                                         |A3                                         
B                                          |B                                          
ZN                                         |ZN                                         
VDD                                        |VDD                                        
VNW                                        |VNW                                        
VPW                                        |VPW                                        
VSS                                        |VSS                                        
---------------------------------------------------------------------------------------
Cell pin lists are equivalent.
Device classes gf180mcu_fd_sc_mcu7t5v0__oai31_2 and gf180mcu_fd_sc_mcu7t5v0__oai31_2 are equivalent.

Cell gf180mcu_fd_sc_mcu7t5v0__and2_4 (0) disconnected node: A1
Cell gf180mcu_fd_sc_mcu7t5v0__and2_4 (0) disconnected node: A2
Cell gf180mcu_fd_sc_mcu7t5v0__and2_4 (0) disconnected node: Z
Cell gf180mcu_fd_sc_mcu7t5v0__and2_4 (0) disconnected node: VDD
Cell gf180mcu_fd_sc_mcu7t5v0__and2_4 (0) disconnected node: VNW
Cell gf180mcu_fd_sc_mcu7t5v0__and2_4 (0) disconnected node: VPW
Cell gf180mcu_fd_sc_mcu7t5v0__and2_4 (0) disconnected node: VSS

Subcircuit pins:
Circuit 1: gf180mcu_fd_sc_mcu7t5v0__and2_4 |Circuit 2: gf180mcu_fd_sc_mcu7t5v0__and2_4 
-------------------------------------------|-------------------------------------------
A1                                         |A1                                         
A2                                         |A2                                         
Z                                          |Z                                          
VDD                                        |VDD                                        
VNW                                        |VNW                                        
VPW                                        |VPW                                        
VSS                                        |VSS                                        
---------------------------------------------------------------------------------------
Cell pin lists are equivalent.
Device classes gf180mcu_fd_sc_mcu7t5v0__and2_4 and gf180mcu_fd_sc_mcu7t5v0__and2_4 are equivalent.

Cell gf180mcu_fd_sc_mcu7t5v0__clkbuf_16 (0) disconnected node: I
Cell gf180mcu_fd_sc_mcu7t5v0__clkbuf_16 (0) disconnected node: Z
Cell gf180mcu_fd_sc_mcu7t5v0__clkbuf_16 (0) disconnected node: VDD
Cell gf180mcu_fd_sc_mcu7t5v0__clkbuf_16 (0) disconnected node: VNW
Cell gf180mcu_fd_sc_mcu7t5v0__clkbuf_16 (0) disconnected node: VPW
Cell gf180mcu_fd_sc_mcu7t5v0__clkbuf_16 (0) disconnected node: VSS

Subcircuit pins:
Circuit 1: gf180mcu_fd_sc_mcu7t5v0__clkbuf |Circuit 2: gf180mcu_fd_sc_mcu7t5v0__clkbuf 
-------------------------------------------|-------------------------------------------
I                                          |I                                          
Z                                          |Z                                          
VDD                                        |VDD                                        
VNW                                        |VNW                                        
VPW                                        |VPW                                        
VSS                                        |VSS                                        
---------------------------------------------------------------------------------------
Cell pin lists are equivalent.
Device classes gf180mcu_fd_sc_mcu7t5v0__clkbuf_16 and gf180mcu_fd_sc_mcu7t5v0__clkbuf_16 are equivalent.

Cell gf180mcu_fd_sc_mcu7t5v0__oai31_4 (0) disconnected node: A1
Cell gf180mcu_fd_sc_mcu7t5v0__oai31_4 (0) disconnected node: A2
Cell gf180mcu_fd_sc_mcu7t5v0__oai31_4 (0) disconnected node: A3
Cell gf180mcu_fd_sc_mcu7t5v0__oai31_4 (0) disconnected node: B
Cell gf180mcu_fd_sc_mcu7t5v0__oai31_4 (0) disconnected node: ZN
Cell gf180mcu_fd_sc_mcu7t5v0__oai31_4 (0) disconnected node: VDD
Cell gf180mcu_fd_sc_mcu7t5v0__oai31_4 (0) disconnected node: VNW
Cell gf180mcu_fd_sc_mcu7t5v0__oai31_4 (0) disconnected node: VPW
Cell gf180mcu_fd_sc_mcu7t5v0__oai31_4 (0) disconnected node: VSS

Subcircuit pins:
Circuit 1: gf180mcu_fd_sc_mcu7t5v0__oai31_ |Circuit 2: gf180mcu_fd_sc_mcu7t5v0__oai31_ 
-------------------------------------------|-------------------------------------------
A1                                         |A1                                         
A2                                         |A2                                         
A3                                         |A3                                         
B                                          |B                                          
ZN                                         |ZN                                         
VDD                                        |VDD                                        
VNW                                        |VNW                                        
VPW                                        |VPW                                        
VSS                                        |VSS                                        
---------------------------------------------------------------------------------------
Cell pin lists are equivalent.
Device classes gf180mcu_fd_sc_mcu7t5v0__oai31_4 and gf180mcu_fd_sc_mcu7t5v0__oai31_4 are equivalent.

Cell gf180mcu_fd_sc_mcu7t5v0__and2_2 (0) disconnected node: A1
Cell gf180mcu_fd_sc_mcu7t5v0__and2_2 (0) disconnected node: A2
Cell gf180mcu_fd_sc_mcu7t5v0__and2_2 (0) disconnected node: Z
Cell gf180mcu_fd_sc_mcu7t5v0__and2_2 (0) disconnected node: VDD
Cell gf180mcu_fd_sc_mcu7t5v0__and2_2 (0) disconnected node: VNW
Cell gf180mcu_fd_sc_mcu7t5v0__and2_2 (0) disconnected node: VPW
Cell gf180mcu_fd_sc_mcu7t5v0__and2_2 (0) disconnected node: VSS

Subcircuit pins:
Circuit 1: gf180mcu_fd_sc_mcu7t5v0__and2_2 |Circuit 2: gf180mcu_fd_sc_mcu7t5v0__and2_2 
-------------------------------------------|-------------------------------------------
A1                                         |A1                                         
A2                                         |A2                                         
Z                                          |Z                                          
VDD                                        |VDD                                        
VNW                                        |VNW                                        
VPW                                        |VPW                                        
VSS                                        |VSS                                        
---------------------------------------------------------------------------------------
Cell pin lists are equivalent.
Device classes gf180mcu_fd_sc_mcu7t5v0__and2_2 and gf180mcu_fd_sc_mcu7t5v0__and2_2 are equivalent.

Cell gf180mcu_fd_sc_mcu7t5v0__or3_1 (0) disconnected node: A1
Cell gf180mcu_fd_sc_mcu7t5v0__or3_1 (0) disconnected node: A2
Cell gf180mcu_fd_sc_mcu7t5v0__or3_1 (0) disconnected node: A3
Cell gf180mcu_fd_sc_mcu7t5v0__or3_1 (0) disconnected node: Z
Cell gf180mcu_fd_sc_mcu7t5v0__or3_1 (0) disconnected node: VDD
Cell gf180mcu_fd_sc_mcu7t5v0__or3_1 (0) disconnected node: VNW
Cell gf180mcu_fd_sc_mcu7t5v0__or3_1 (0) disconnected node: VPW
Cell gf180mcu_fd_sc_mcu7t5v0__or3_1 (0) disconnected node: VSS

Subcircuit pins:
Circuit 1: gf180mcu_fd_sc_mcu7t5v0__or3_1  |Circuit 2: gf180mcu_fd_sc_mcu7t5v0__or3_1  
-------------------------------------------|-------------------------------------------
A1                                         |A1                                         
A2                                         |A2                                         
A3                                         |A3                                         
Z                                          |Z                                          
VDD                                        |VDD                                        
VNW                                        |VNW                                        
VPW                                        |VPW                                        
VSS                                        |VSS                                        
---------------------------------------------------------------------------------------
Cell pin lists are equivalent.
Device classes gf180mcu_fd_sc_mcu7t5v0__or3_1 and gf180mcu_fd_sc_mcu7t5v0__or3_1 are equivalent.

Cell gf180mcu_fd_sc_mcu7t5v0__dlya_1 (0) disconnected node: I
Cell gf180mcu_fd_sc_mcu7t5v0__dlya_1 (0) disconnected node: Z
Cell gf180mcu_fd_sc_mcu7t5v0__dlya_1 (0) disconnected node: VDD
Cell gf180mcu_fd_sc_mcu7t5v0__dlya_1 (0) disconnected node: VNW
Cell gf180mcu_fd_sc_mcu7t5v0__dlya_1 (0) disconnected node: VPW
Cell gf180mcu_fd_sc_mcu7t5v0__dlya_1 (0) disconnected node: VSS

Subcircuit pins:
Circuit 1: gf180mcu_fd_sc_mcu7t5v0__dlya_1 |Circuit 2: gf180mcu_fd_sc_mcu7t5v0__dlya_1 
-------------------------------------------|-------------------------------------------
I                                          |I                                          
Z                                          |Z                                          
VDD                                        |VDD                                        
VNW                                        |VNW                                        
VPW                                        |VPW                                        
VSS                                        |VSS                                        
---------------------------------------------------------------------------------------
Cell pin lists are equivalent.
Device classes gf180mcu_fd_sc_mcu7t5v0__dlya_1 and gf180mcu_fd_sc_mcu7t5v0__dlya_1 are equivalent.

Cell gf180mcu_fd_sc_mcu7t5v0__inv_8 (0) disconnected node: I
Cell gf180mcu_fd_sc_mcu7t5v0__inv_8 (0) disconnected node: ZN
Cell gf180mcu_fd_sc_mcu7t5v0__inv_8 (0) disconnected node: VDD
Cell gf180mcu_fd_sc_mcu7t5v0__inv_8 (0) disconnected node: VNW
Cell gf180mcu_fd_sc_mcu7t5v0__inv_8 (0) disconnected node: VPW
Cell gf180mcu_fd_sc_mcu7t5v0__inv_8 (0) disconnected node: VSS

Subcircuit pins:
Circuit 1: gf180mcu_fd_sc_mcu7t5v0__inv_8  |Circuit 2: gf180mcu_fd_sc_mcu7t5v0__inv_8  
-------------------------------------------|-------------------------------------------
I                                          |I                                          
ZN                                         |ZN                                         
VDD                                        |VDD                                        
VNW                                        |VNW                                        
VPW                                        |VPW                                        
VSS                                        |VSS                                        
---------------------------------------------------------------------------------------
Cell pin lists are equivalent.
Device classes gf180mcu_fd_sc_mcu7t5v0__inv_8 and gf180mcu_fd_sc_mcu7t5v0__inv_8 are equivalent.

Cell gf180mcu_fd_sc_mcu7t5v0__aoi221_4 (0) disconnected node: A1
Cell gf180mcu_fd_sc_mcu7t5v0__aoi221_4 (0) disconnected node: A2
Cell gf180mcu_fd_sc_mcu7t5v0__aoi221_4 (0) disconnected node: B1
Cell gf180mcu_fd_sc_mcu7t5v0__aoi221_4 (0) disconnected node: B2
Cell gf180mcu_fd_sc_mcu7t5v0__aoi221_4 (0) disconnected node: C
Cell gf180mcu_fd_sc_mcu7t5v0__aoi221_4 (0) disconnected node: ZN
Cell gf180mcu_fd_sc_mcu7t5v0__aoi221_4 (0) disconnected node: VDD
Cell gf180mcu_fd_sc_mcu7t5v0__aoi221_4 (0) disconnected node: VNW
Cell gf180mcu_fd_sc_mcu7t5v0__aoi221_4 (0) disconnected node: VPW
Cell gf180mcu_fd_sc_mcu7t5v0__aoi221_4 (0) disconnected node: VSS

Subcircuit pins:
Circuit 1: gf180mcu_fd_sc_mcu7t5v0__aoi221 |Circuit 2: gf180mcu_fd_sc_mcu7t5v0__aoi221 
-------------------------------------------|-------------------------------------------
A1                                         |A1                                         
A2                                         |A2                                         
B1                                         |B1                                         
B2                                         |B2                                         
C                                          |C                                          
ZN                                         |ZN                                         
VDD                                        |VDD                                        
VNW                                        |VNW                                        
VPW                                        |VPW                                        
VSS                                        |VSS                                        
---------------------------------------------------------------------------------------
Cell pin lists are equivalent.
Device classes gf180mcu_fd_sc_mcu7t5v0__aoi221_4 and gf180mcu_fd_sc_mcu7t5v0__aoi221_4 are equivalent.

Cell gf180mcu_fd_sc_mcu7t5v0__oai221_2 (0) disconnected node: A1
Cell gf180mcu_fd_sc_mcu7t5v0__oai221_2 (0) disconnected node: A2
Cell gf180mcu_fd_sc_mcu7t5v0__oai221_2 (0) disconnected node: B1
Cell gf180mcu_fd_sc_mcu7t5v0__oai221_2 (0) disconnected node: B2
Cell gf180mcu_fd_sc_mcu7t5v0__oai221_2 (0) disconnected node: C
Cell gf180mcu_fd_sc_mcu7t5v0__oai221_2 (0) disconnected node: ZN
Cell gf180mcu_fd_sc_mcu7t5v0__oai221_2 (0) disconnected node: VDD
Cell gf180mcu_fd_sc_mcu7t5v0__oai221_2 (0) disconnected node: VNW
Cell gf180mcu_fd_sc_mcu7t5v0__oai221_2 (0) disconnected node: VPW
Cell gf180mcu_fd_sc_mcu7t5v0__oai221_2 (0) disconnected node: VSS

Subcircuit pins:
Circuit 1: gf180mcu_fd_sc_mcu7t5v0__oai221 |Circuit 2: gf180mcu_fd_sc_mcu7t5v0__oai221 
-------------------------------------------|-------------------------------------------
A1                                         |A1                                         
A2                                         |A2                                         
B1                                         |B1                                         
B2                                         |B2                                         
C                                          |C                                          
ZN                                         |ZN                                         
VDD                                        |VDD                                        
VNW                                        |VNW                                        
VPW                                        |VPW                                        
VSS                                        |VSS                                        
---------------------------------------------------------------------------------------
Cell pin lists are equivalent.
Device classes gf180mcu_fd_sc_mcu7t5v0__oai221_2 and gf180mcu_fd_sc_mcu7t5v0__oai221_2 are equivalent.

Cell gf180mcu_fd_sc_mcu7t5v0__dlyc_1 (0) disconnected node: I
Cell gf180mcu_fd_sc_mcu7t5v0__dlyc_1 (0) disconnected node: Z
Cell gf180mcu_fd_sc_mcu7t5v0__dlyc_1 (0) disconnected node: VDD
Cell gf180mcu_fd_sc_mcu7t5v0__dlyc_1 (0) disconnected node: VNW
Cell gf180mcu_fd_sc_mcu7t5v0__dlyc_1 (0) disconnected node: VPW
Cell gf180mcu_fd_sc_mcu7t5v0__dlyc_1 (0) disconnected node: VSS

Subcircuit pins:
Circuit 1: gf180mcu_fd_sc_mcu7t5v0__dlyc_1 |Circuit 2: gf180mcu_fd_sc_mcu7t5v0__dlyc_1 
-------------------------------------------|-------------------------------------------
I                                          |I                                          
Z                                          |Z                                          
VDD                                        |VDD                                        
VNW                                        |VNW                                        
VPW                                        |VPW                                        
VSS                                        |VSS                                        
---------------------------------------------------------------------------------------
Cell pin lists are equivalent.
Device classes gf180mcu_fd_sc_mcu7t5v0__dlyc_1 and gf180mcu_fd_sc_mcu7t5v0__dlyc_1 are equivalent.

Cell gf180mcu_fd_sc_mcu7t5v0__oai32_1 (0) disconnected node: A1
Cell gf180mcu_fd_sc_mcu7t5v0__oai32_1 (0) disconnected node: A2
Cell gf180mcu_fd_sc_mcu7t5v0__oai32_1 (0) disconnected node: A3
Cell gf180mcu_fd_sc_mcu7t5v0__oai32_1 (0) disconnected node: B1
Cell gf180mcu_fd_sc_mcu7t5v0__oai32_1 (0) disconnected node: B2
Cell gf180mcu_fd_sc_mcu7t5v0__oai32_1 (0) disconnected node: ZN
Cell gf180mcu_fd_sc_mcu7t5v0__oai32_1 (0) disconnected node: VDD
Cell gf180mcu_fd_sc_mcu7t5v0__oai32_1 (0) disconnected node: VNW
Cell gf180mcu_fd_sc_mcu7t5v0__oai32_1 (0) disconnected node: VPW
Cell gf180mcu_fd_sc_mcu7t5v0__oai32_1 (0) disconnected node: VSS

Subcircuit pins:
Circuit 1: gf180mcu_fd_sc_mcu7t5v0__oai32_ |Circuit 2: gf180mcu_fd_sc_mcu7t5v0__oai32_ 
-------------------------------------------|-------------------------------------------
A1                                         |A1                                         
A2                                         |A2                                         
A3                                         |A3                                         
B1                                         |B1                                         
B2                                         |B2                                         
ZN                                         |ZN                                         
VDD                                        |VDD                                        
VNW                                        |VNW                                        
VPW                                        |VPW                                        
VSS                                        |VSS                                        
---------------------------------------------------------------------------------------
Cell pin lists are equivalent.
Device classes gf180mcu_fd_sc_mcu7t5v0__oai32_1 and gf180mcu_fd_sc_mcu7t5v0__oai32_1 are equivalent.

Cell gf180mcu_fd_sc_mcu7t5v0__xor3_1 (0) disconnected node: A1
Cell gf180mcu_fd_sc_mcu7t5v0__xor3_1 (0) disconnected node: A2
Cell gf180mcu_fd_sc_mcu7t5v0__xor3_1 (0) disconnected node: A3
Cell gf180mcu_fd_sc_mcu7t5v0__xor3_1 (0) disconnected node: Z
Cell gf180mcu_fd_sc_mcu7t5v0__xor3_1 (0) disconnected node: VDD
Cell gf180mcu_fd_sc_mcu7t5v0__xor3_1 (0) disconnected node: VNW
Cell gf180mcu_fd_sc_mcu7t5v0__xor3_1 (0) disconnected node: VPW
Cell gf180mcu_fd_sc_mcu7t5v0__xor3_1 (0) disconnected node: VSS

Subcircuit pins:
Circuit 1: gf180mcu_fd_sc_mcu7t5v0__xor3_1 |Circuit 2: gf180mcu_fd_sc_mcu7t5v0__xor3_1 
-------------------------------------------|-------------------------------------------
A1                                         |A1                                         
A2                                         |A2                                         
A3                                         |A3                                         
Z                                          |Z                                          
VDD                                        |VDD                                        
VNW                                        |VNW                                        
VPW                                        |VPW                                        
VSS                                        |VSS                                        
---------------------------------------------------------------------------------------
Cell pin lists are equivalent.
Device classes gf180mcu_fd_sc_mcu7t5v0__xor3_1 and gf180mcu_fd_sc_mcu7t5v0__xor3_1 are equivalent.

Cell gf180mcu_fd_sc_mcu7t5v0__oai222_1 (0) disconnected node: A1
Cell gf180mcu_fd_sc_mcu7t5v0__oai222_1 (0) disconnected node: A2
Cell gf180mcu_fd_sc_mcu7t5v0__oai222_1 (0) disconnected node: B1
Cell gf180mcu_fd_sc_mcu7t5v0__oai222_1 (0) disconnected node: B2
Cell gf180mcu_fd_sc_mcu7t5v0__oai222_1 (0) disconnected node: C1
Cell gf180mcu_fd_sc_mcu7t5v0__oai222_1 (0) disconnected node: C2
Cell gf180mcu_fd_sc_mcu7t5v0__oai222_1 (0) disconnected node: ZN
Cell gf180mcu_fd_sc_mcu7t5v0__oai222_1 (0) disconnected node: VDD
Cell gf180mcu_fd_sc_mcu7t5v0__oai222_1 (0) disconnected node: VNW
Cell gf180mcu_fd_sc_mcu7t5v0__oai222_1 (0) disconnected node: VPW
Cell gf180mcu_fd_sc_mcu7t5v0__oai222_1 (0) disconnected node: VSS

Subcircuit pins:
Circuit 1: gf180mcu_fd_sc_mcu7t5v0__oai222 |Circuit 2: gf180mcu_fd_sc_mcu7t5v0__oai222 
-------------------------------------------|-------------------------------------------
A1                                         |A1                                         
A2                                         |A2                                         
B1                                         |B1                                         
B2                                         |B2                                         
C1                                         |C1                                         
C2                                         |C2                                         
ZN                                         |ZN                                         
VDD                                        |VDD                                        
VNW                                        |VNW                                        
VPW                                        |VPW                                        
VSS                                        |VSS                                        
---------------------------------------------------------------------------------------
Cell pin lists are equivalent.
Device classes gf180mcu_fd_sc_mcu7t5v0__oai222_1 and gf180mcu_fd_sc_mcu7t5v0__oai222_1 are equivalent.

Cell gf180mcu_fd_sc_mcu7t5v0__antenna (0) disconnected node: I
Cell gf180mcu_fd_sc_mcu7t5v0__antenna (0) disconnected node: VDD
Cell gf180mcu_fd_sc_mcu7t5v0__antenna (0) disconnected node: VNW
Cell gf180mcu_fd_sc_mcu7t5v0__antenna (0) disconnected node: VPW
Cell gf180mcu_fd_sc_mcu7t5v0__antenna (0) disconnected node: VSS
Cell gf180mcu_fd_sc_mcu7t5v0__antenna (1) disconnected node: VDD
Cell gf180mcu_fd_sc_mcu7t5v0__antenna (1) disconnected node: VSS

Subcircuit pins:
Circuit 1: gf180mcu_fd_sc_mcu7t5v0__antenn |Circuit 2: gf180mcu_fd_sc_mcu7t5v0__antenn 
-------------------------------------------|-------------------------------------------
I                                          |I                                          
VDD                                        |VDD                                        
VNW                                        |VNW                                        
VPW                                        |VPW                                        
VSS                                        |VSS                                        
---------------------------------------------------------------------------------------
Cell pin lists are equivalent.
Device classes gf180mcu_fd_sc_mcu7t5v0__antenna and gf180mcu_fd_sc_mcu7t5v0__antenna are equivalent.

Cell gf180mcu_fd_sc_mcu7t5v0__buf_16 (0) disconnected node: I
Cell gf180mcu_fd_sc_mcu7t5v0__buf_16 (0) disconnected node: Z
Cell gf180mcu_fd_sc_mcu7t5v0__buf_16 (0) disconnected node: VDD
Cell gf180mcu_fd_sc_mcu7t5v0__buf_16 (0) disconnected node: VNW
Cell gf180mcu_fd_sc_mcu7t5v0__buf_16 (0) disconnected node: VPW
Cell gf180mcu_fd_sc_mcu7t5v0__buf_16 (0) disconnected node: VSS

Subcircuit pins:
Circuit 1: gf180mcu_fd_sc_mcu7t5v0__buf_16 |Circuit 2: gf180mcu_fd_sc_mcu7t5v0__buf_16 
-------------------------------------------|-------------------------------------------
I                                          |I                                          
Z                                          |Z                                          
VDD                                        |VDD                                        
VNW                                        |VNW                                        
VPW                                        |VPW                                        
VSS                                        |VSS                                        
---------------------------------------------------------------------------------------
Cell pin lists are equivalent.
Device classes gf180mcu_fd_sc_mcu7t5v0__buf_16 and gf180mcu_fd_sc_mcu7t5v0__buf_16 are equivalent.

Cell gf180mcu_fd_sc_mcu7t5v0__oai221_4 (0) disconnected node: A1
Cell gf180mcu_fd_sc_mcu7t5v0__oai221_4 (0) disconnected node: A2
Cell gf180mcu_fd_sc_mcu7t5v0__oai221_4 (0) disconnected node: B1
Cell gf180mcu_fd_sc_mcu7t5v0__oai221_4 (0) disconnected node: B2
Cell gf180mcu_fd_sc_mcu7t5v0__oai221_4 (0) disconnected node: C
Cell gf180mcu_fd_sc_mcu7t5v0__oai221_4 (0) disconnected node: ZN
Cell gf180mcu_fd_sc_mcu7t5v0__oai221_4 (0) disconnected node: VDD
Cell gf180mcu_fd_sc_mcu7t5v0__oai221_4 (0) disconnected node: VNW
Cell gf180mcu_fd_sc_mcu7t5v0__oai221_4 (0) disconnected node: VPW
Cell gf180mcu_fd_sc_mcu7t5v0__oai221_4 (0) disconnected node: VSS

Subcircuit pins:
Circuit 1: gf180mcu_fd_sc_mcu7t5v0__oai221 |Circuit 2: gf180mcu_fd_sc_mcu7t5v0__oai221 
-------------------------------------------|-------------------------------------------
A1                                         |A1                                         
A2                                         |A2                                         
B1                                         |B1                                         
B2                                         |B2                                         
C                                          |C                                          
ZN                                         |ZN                                         
VDD                                        |VDD                                        
VNW                                        |VNW                                        
VPW                                        |VPW                                        
VSS                                        |VSS                                        
---------------------------------------------------------------------------------------
Cell pin lists are equivalent.
Device classes gf180mcu_fd_sc_mcu7t5v0__oai221_4 and gf180mcu_fd_sc_mcu7t5v0__oai221_4 are equivalent.

Cell A09_BV (0) disconnected node: qspi_csn_IN[0]
Cell A09_BV (0) disconnected node: qspi_csn_IN[1]
Cell A09_BV (0) disconnected node: qspi_sck_IN
Cell A09_BV (0) disconnected node: uart_tx_IN
Cell A09_BV (1) disconnected node: qspi_sck_IN
Cell A09_BV (1) disconnected node: uart_tx_IN
Cell A09_BV (1) disconnected node: qspi_csn_IN[1]
Cell A09_BV (1) disconnected node: qspi_csn_IN[0]
Class A09_BV (0):  Merged 9798 parallel devices.
Class A09_BV (1):  Merged 9798 parallel devices.
Cell A09_BV (0) disconnected node: qspi_csn_IN[0]
Cell A09_BV (0) disconnected node: qspi_csn_IN[1]
Cell A09_BV (0) disconnected node: qspi_sck_IN
Cell A09_BV (0) disconnected node: uart_tx_IN
Cell A09_BV (1) disconnected node: qspi_sck_IN
Cell A09_BV (1) disconnected node: uart_tx_IN
Cell A09_BV (1) disconnected node: qspi_csn_IN[1]
Cell A09_BV (1) disconnected node: qspi_csn_IN[0]
Subcircuit summary:
Circuit 1: A09_BV                          |Circuit 2: A09_BV                          
-------------------------------------------|-------------------------------------------
gf180mcu_fd_sc_mcu7t5v0__fillcap_8 (2206-> |gf180mcu_fd_sc_mcu7t5v0__fillcap_8 (2206-> 
gf180mcu_fd_sc_mcu7t5v0__fillcap_64 (1051- |gf180mcu_fd_sc_mcu7t5v0__fillcap_64 (1051- 
gf180mcu_fd_sc_mcu7t5v0__fillcap_4 (3764-> |gf180mcu_fd_sc_mcu7t5v0__fillcap_4 (3764-> 
gf180mcu_fd_sc_mcu7t5v0__fillcap_16 (1826- |gf180mcu_fd_sc_mcu7t5v0__fillcap_16 (1826- 
gf180mcu_fd_sc_mcu7t5v0__dffq_1 (650)      |gf180mcu_fd_sc_mcu7t5v0__dffq_1 (650)      
gf180mcu_fd_sc_mcu7t5v0__aoi222_2 (3)      |gf180mcu_fd_sc_mcu7t5v0__aoi222_2 (3)      
gf180mcu_fd_sc_mcu7t5v0__dffq_2 (87)       |gf180mcu_fd_sc_mcu7t5v0__dffq_2 (87)       
gf180mcu_fd_sc_mcu7t5v0__aoi22_1 (148)     |gf180mcu_fd_sc_mcu7t5v0__aoi22_1 (148)     
gf180mcu_fd_sc_mcu7t5v0__nand2_1 (283)     |gf180mcu_fd_sc_mcu7t5v0__nand2_1 (283)     
gf180mcu_fd_sc_mcu7t5v0__buf_1 (142)       |gf180mcu_fd_sc_mcu7t5v0__buf_1 (142)       
gf180mcu_fd_sc_mcu7t5v0__nand3_1 (155)     |gf180mcu_fd_sc_mcu7t5v0__nand3_1 (155)     
gf180mcu_fd_sc_mcu7t5v0__nor2_1 (134)      |gf180mcu_fd_sc_mcu7t5v0__nor2_1 (134)      
gf180mcu_fd_sc_mcu7t5v0__fillcap_32 (956-> |gf180mcu_fd_sc_mcu7t5v0__fillcap_32 (956-> 
gf180mcu_fd_sc_mcu7t5v0__oai211_1 (90)     |gf180mcu_fd_sc_mcu7t5v0__oai211_1 (90)     
gf180mcu_fd_sc_mcu7t5v0__buf_8 (105)       |gf180mcu_fd_sc_mcu7t5v0__buf_8 (105)       
gf180mcu_fd_sc_mcu7t5v0__buf_4 (262)       |gf180mcu_fd_sc_mcu7t5v0__buf_4 (262)       
gf180mcu_fd_sc_mcu7t5v0__clkbuf_1 (291)    |gf180mcu_fd_sc_mcu7t5v0__clkbuf_1 (291)    
gf180mcu_fd_sc_mcu7t5v0__oai21_1 (415)     |gf180mcu_fd_sc_mcu7t5v0__oai21_1 (415)     
gf180mcu_fd_sc_mcu7t5v0__nor4_1 (37)       |gf180mcu_fd_sc_mcu7t5v0__nor4_1 (37)       
gf180mcu_fd_sc_mcu7t5v0__or2_1 (72)        |gf180mcu_fd_sc_mcu7t5v0__or2_1 (72)        
gf180mcu_fd_sc_mcu7t5v0__aoi21_4 (124)     |gf180mcu_fd_sc_mcu7t5v0__aoi21_4 (124)     
gf180mcu_fd_sc_mcu7t5v0__nor3_4 (22)       |gf180mcu_fd_sc_mcu7t5v0__nor3_4 (22)       
gf180mcu_fd_sc_mcu7t5v0__aoi21_1 (178)     |gf180mcu_fd_sc_mcu7t5v0__aoi21_1 (178)     
gf180mcu_fd_sc_mcu7t5v0__aoi222_1 (38)     |gf180mcu_fd_sc_mcu7t5v0__aoi222_1 (38)     
gf180mcu_fd_sc_mcu7t5v0__buf_2 (590)       |gf180mcu_fd_sc_mcu7t5v0__buf_2 (590)       
gf180mcu_fd_sc_mcu7t5v0__buf_3 (96)        |gf180mcu_fd_sc_mcu7t5v0__buf_3 (96)        
gf180mcu_fd_sc_mcu7t5v0__clkbuf_3 (26)     |gf180mcu_fd_sc_mcu7t5v0__clkbuf_3 (26)     
gf180mcu_fd_sc_mcu7t5v0__clkbuf_2 (91)     |gf180mcu_fd_sc_mcu7t5v0__clkbuf_2 (91)     
gf180mcu_fd_sc_mcu7t5v0__oai22_1 (16)      |gf180mcu_fd_sc_mcu7t5v0__oai22_1 (16)      
gf180mcu_fd_sc_mcu7t5v0__inv_1 (118)       |gf180mcu_fd_sc_mcu7t5v0__inv_1 (118)       
gf180mcu_fd_sc_mcu7t5v0__nand4_2 (22)      |gf180mcu_fd_sc_mcu7t5v0__nand4_2 (22)      
gf180mcu_fd_sc_mcu7t5v0__mux2_2 (73)       |gf180mcu_fd_sc_mcu7t5v0__mux2_2 (73)       
gf180mcu_fd_sc_mcu7t5v0__oai21_2 (28)      |gf180mcu_fd_sc_mcu7t5v0__oai21_2 (28)      
gf180mcu_fd_sc_mcu7t5v0__clkinv_1 (111)    |gf180mcu_fd_sc_mcu7t5v0__clkinv_1 (111)    
gf180mcu_fd_sc_mcu7t5v0__and4_1 (77)       |gf180mcu_fd_sc_mcu7t5v0__and4_1 (77)       
gf180mcu_fd_sc_mcu7t5v0__aoi211_4 (61)     |gf180mcu_fd_sc_mcu7t5v0__aoi211_4 (61)     
gf180mcu_fd_sc_mcu7t5v0__and4_4 (9)        |gf180mcu_fd_sc_mcu7t5v0__and4_4 (9)        
gf180mcu_fd_sc_mcu7t5v0__aoi21_2 (190)     |gf180mcu_fd_sc_mcu7t5v0__aoi21_2 (190)     
gf180mcu_fd_sc_mcu7t5v0__dlyb_1 (123)      |gf180mcu_fd_sc_mcu7t5v0__dlyb_1 (123)      
gf180mcu_fd_sc_mcu7t5v0__buf_12 (13)       |gf180mcu_fd_sc_mcu7t5v0__buf_12 (13)       
gf180mcu_fd_sc_mcu7t5v0__clkbuf_8 (90)     |gf180mcu_fd_sc_mcu7t5v0__clkbuf_8 (90)     
gf180mcu_fd_sc_mcu7t5v0__oai221_1 (40)     |gf180mcu_fd_sc_mcu7t5v0__oai221_1 (40)     
gf180mcu_fd_sc_mcu7t5v0__mux4_1 (55)       |gf180mcu_fd_sc_mcu7t5v0__mux4_1 (55)       
gf180mcu_fd_sc_mcu7t5v0__oai21_4 (28)      |gf180mcu_fd_sc_mcu7t5v0__oai21_4 (28)      
gf180mcu_fd_sc_mcu7t5v0__nor3_1 (165)      |gf180mcu_fd_sc_mcu7t5v0__nor3_1 (165)      
gf180mcu_fd_sc_mcu7t5v0__aoi22_2 (13)      |gf180mcu_fd_sc_mcu7t5v0__aoi22_2 (13)      
gf180mcu_fd_sc_mcu7t5v0__nor2_2 (156)      |gf180mcu_fd_sc_mcu7t5v0__nor2_2 (156)      
gf180mcu_fd_sc_mcu7t5v0__nand4_1 (200)     |gf180mcu_fd_sc_mcu7t5v0__nand4_1 (200)     
gf180mcu_fd_sc_mcu7t5v0__nand3_4 (10)      |gf180mcu_fd_sc_mcu7t5v0__nand3_4 (10)      
gf180mcu_fd_sc_mcu7t5v0__clkbuf_4 (60)     |gf180mcu_fd_sc_mcu7t5v0__clkbuf_4 (60)     
gf180mcu_fd_sc_mcu7t5v0__tiel (40)         |gf180mcu_fd_sc_mcu7t5v0__tiel (40)         
gf180mcu_fd_sc_mcu7t5v0__tieh (22)         |gf180mcu_fd_sc_mcu7t5v0__tieh (22)         
gf180mcu_fd_sc_mcu7t5v0__aoi22_4 (5)       |gf180mcu_fd_sc_mcu7t5v0__aoi22_4 (5)       
gf180mcu_fd_sc_mcu7t5v0__or2_2 (6)         |gf180mcu_fd_sc_mcu7t5v0__or2_2 (6)         
gf180mcu_fd_sc_mcu7t5v0__nand3_2 (18)      |gf180mcu_fd_sc_mcu7t5v0__nand3_2 (18)      
gf180mcu_fd_sc_mcu7t5v0__nor4_4 (21)       |gf180mcu_fd_sc_mcu7t5v0__nor4_4 (21)       
gf180mcu_fd_sc_mcu7t5v0__and4_2 (17)       |gf180mcu_fd_sc_mcu7t5v0__and4_2 (17)       
gf180mcu_fd_sc_mcu7t5v0__aoi211_1 (17)     |gf180mcu_fd_sc_mcu7t5v0__aoi211_1 (17)     
gf180mcu_fd_sc_mcu7t5v0__aoi222_4 (5)      |gf180mcu_fd_sc_mcu7t5v0__aoi222_4 (5)      
gf180mcu_fd_sc_mcu7t5v0__and3_1 (25)       |gf180mcu_fd_sc_mcu7t5v0__and3_1 (25)       
gf180mcu_fd_sc_mcu7t5v0__xor2_1 (18)       |gf180mcu_fd_sc_mcu7t5v0__xor2_1 (18)       
gf180mcu_fd_sc_mcu7t5v0__xnor2_1 (6)       |gf180mcu_fd_sc_mcu7t5v0__xnor2_1 (6)       
gf180mcu_fd_sc_mcu7t5v0__and2_1 (29)       |gf180mcu_fd_sc_mcu7t5v0__and2_1 (29)       
gf180mcu_fd_sc_mcu7t5v0__or4_1 (13)        |gf180mcu_fd_sc_mcu7t5v0__or4_1 (13)        
gf180mcu_fd_sc_mcu7t5v0__dffq_4 (25)       |gf180mcu_fd_sc_mcu7t5v0__dffq_4 (25)       
gf180mcu_fd_sc_mcu7t5v0__nor2_4 (15)       |gf180mcu_fd_sc_mcu7t5v0__nor2_4 (15)       
gf180mcu_fd_sc_mcu7t5v0__mux4_2 (9)        |gf180mcu_fd_sc_mcu7t5v0__mux4_2 (9)        
gf180mcu_fd_sc_mcu7t5v0__dlyd_1 (17)       |gf180mcu_fd_sc_mcu7t5v0__dlyd_1 (17)       
gf180mcu_fd_sc_mcu7t5v0__aoi221_2 (1)      |gf180mcu_fd_sc_mcu7t5v0__aoi221_2 (1)      
gf180mcu_fd_sc_mcu7t5v0__nand4_4 (23)      |gf180mcu_fd_sc_mcu7t5v0__nand4_4 (23)      
gf180mcu_fd_sc_mcu7t5v0__and3_2 (7)        |gf180mcu_fd_sc_mcu7t5v0__and3_2 (7)        
gf180mcu_fd_sc_mcu7t5v0__oai31_1 (11)      |gf180mcu_fd_sc_mcu7t5v0__oai31_1 (11)      
gf180mcu_fd_sc_mcu7t5v0__or4_2 (9)         |gf180mcu_fd_sc_mcu7t5v0__or4_2 (9)         
gf180mcu_fd_sc_mcu7t5v0__clkbuf_12 (7)     |gf180mcu_fd_sc_mcu7t5v0__clkbuf_12 (7)     
gf180mcu_fd_sc_mcu7t5v0__aoi221_1 (16)     |gf180mcu_fd_sc_mcu7t5v0__aoi221_1 (16)     
gf180mcu_fd_sc_mcu7t5v0__aoi211_2 (19)     |gf180mcu_fd_sc_mcu7t5v0__aoi211_2 (19)     
gf180mcu_fd_sc_mcu7t5v0__nor4_2 (21)       |gf180mcu_fd_sc_mcu7t5v0__nor4_2 (21)       
gf180mcu_fd_sc_mcu7t5v0__nor3_2 (13)       |gf180mcu_fd_sc_mcu7t5v0__nor3_2 (13)       
gf180mcu_fd_sc_mcu7t5v0__oai211_2 (9)      |gf180mcu_fd_sc_mcu7t5v0__oai211_2 (9)      
gf180mcu_fd_sc_mcu7t5v0__nand2_4 (7)       |gf180mcu_fd_sc_mcu7t5v0__nand2_4 (7)       
gf180mcu_fd_sc_mcu7t5v0__inv_3 (16)        |gf180mcu_fd_sc_mcu7t5v0__inv_3 (16)        
gf180mcu_fd_sc_mcu7t5v0__inv_2 (28)        |gf180mcu_fd_sc_mcu7t5v0__inv_2 (28)        
gf180mcu_fd_sc_mcu7t5v0__inv_12 (1)        |gf180mcu_fd_sc_mcu7t5v0__inv_12 (1)        
gf180mcu_fd_sc_mcu7t5v0__and3_4 (4)        |gf180mcu_fd_sc_mcu7t5v0__and3_4 (4)        
gf180mcu_fd_sc_mcu7t5v0__inv_4 (4)         |gf180mcu_fd_sc_mcu7t5v0__inv_4 (4)         
gf180mcu_fd_sc_mcu7t5v0__or3_2 (3)         |gf180mcu_fd_sc_mcu7t5v0__or3_2 (3)         
gf180mcu_fd_sc_mcu7t5v0__xor2_4 (1)        |gf180mcu_fd_sc_mcu7t5v0__xor2_4 (1)        
gf180mcu_fd_sc_mcu7t5v0__clkinv_4 (4)      |gf180mcu_fd_sc_mcu7t5v0__clkinv_4 (4)      
gf180mcu_fd_sc_mcu7t5v0__clkinv_12 (3)     |gf180mcu_fd_sc_mcu7t5v0__clkinv_12 (3)     
gf180mcu_fd_sc_mcu7t5v0__oai211_4 (5)      |gf180mcu_fd_sc_mcu7t5v0__oai211_4 (5)      
gf180mcu_fd_sc_mcu7t5v0__nand2_2 (20)      |gf180mcu_fd_sc_mcu7t5v0__nand2_2 (20)      
gf180mcu_fd_sc_mcu7t5v0__oai31_2 (3)       |gf180mcu_fd_sc_mcu7t5v0__oai31_2 (3)       
gf180mcu_fd_sc_mcu7t5v0__and2_4 (2)        |gf180mcu_fd_sc_mcu7t5v0__and2_4 (2)        
gf180mcu_fd_sc_mcu7t5v0__clkbuf_16 (1)     |gf180mcu_fd_sc_mcu7t5v0__clkbuf_16 (1)     
gf180mcu_fd_sc_mcu7t5v0__oai31_4 (5)       |gf180mcu_fd_sc_mcu7t5v0__oai31_4 (5)       
gf180mcu_fd_sc_mcu7t5v0__and2_2 (2)        |gf180mcu_fd_sc_mcu7t5v0__and2_2 (2)        
gf180mcu_fd_sc_mcu7t5v0__or3_1 (6)         |gf180mcu_fd_sc_mcu7t5v0__or3_1 (6)         
gf180mcu_fd_sc_mcu7t5v0__dlya_1 (5)        |gf180mcu_fd_sc_mcu7t5v0__dlya_1 (5)        
gf180mcu_fd_sc_mcu7t5v0__inv_8 (1)         |gf180mcu_fd_sc_mcu7t5v0__inv_8 (1)         
gf180mcu_fd_sc_mcu7t5v0__aoi221_4 (3)      |gf180mcu_fd_sc_mcu7t5v0__aoi221_4 (3)      
gf180mcu_fd_sc_mcu7t5v0__oai221_2 (1)      |gf180mcu_fd_sc_mcu7t5v0__oai221_2 (1)      
gf180mcu_fd_sc_mcu7t5v0__dlyc_1 (5)        |gf180mcu_fd_sc_mcu7t5v0__dlyc_1 (5)        
gf180mcu_fd_sc_mcu7t5v0__oai32_1 (4)       |gf180mcu_fd_sc_mcu7t5v0__oai32_1 (4)       
gf180mcu_fd_sc_mcu7t5v0__xor3_1 (1)        |gf180mcu_fd_sc_mcu7t5v0__xor3_1 (1)        
gf180mcu_fd_sc_mcu7t5v0__oai222_1 (1)      |gf180mcu_fd_sc_mcu7t5v0__oai222_1 (1)      
gf180mcu_fd_sc_mcu7t5v0__antenna (2)       |gf180mcu_fd_sc_mcu7t5v0__antenna (2)       
gf180mcu_fd_sc_mcu7t5v0__buf_16 (1)        |gf180mcu_fd_sc_mcu7t5v0__buf_16 (1)        
gf180mcu_fd_sc_mcu7t5v0__oai221_4 (1)      |gf180mcu_fd_sc_mcu7t5v0__oai221_4 (1)      
Number of devices: 6286                    |Number of devices: 6286                    
Number of nets: 6288                       |Number of nets: 6288                       
---------------------------------------------------------------------------------------
Resolving symmetries by property value.
Resolving symmetries by pin name.
Netlists match uniquely.

Subcircuit pins:
Circuit 1: A09_BV                          |Circuit 2: A09_BV                          
-------------------------------------------|-------------------------------------------
clk_PD                                     |clk_PD                                     
clk_PU                                     |clk_PU                                     
qspi_csn_CS[0]                             |qspi_csn_CS[0]                             
qspi_csn_CS[1]                             |qspi_csn_CS[1]                             
qspi_csn_IE[0]                             |qspi_csn_IE[0]                             
qspi_csn_IE[1]                             |qspi_csn_IE[1]                             
qspi_csn_PD[0]                             |qspi_csn_PD[0]                             
qspi_csn_PD[1]                             |qspi_csn_PD[1]                             
qspi_csn_PDRV0[0]                          |qspi_csn_PDRV0[0]                          
qspi_csn_PDRV0[1]                          |qspi_csn_PDRV0[1]                          
qspi_csn_SL[0]                             |qspi_csn_SL[0]                             
qspi_csn_SL[1]                             |qspi_csn_SL[1]                             
qspi_io_CS[0]                              |qspi_io_CS[0]                              
qspi_io_CS[1]                              |qspi_io_CS[1]                              
qspi_io_CS[2]                              |qspi_io_CS[2]                              
qspi_io_CS[3]                              |qspi_io_CS[3]                              
qspi_io_PD[0]                              |qspi_io_PD[0]                              
qspi_io_PD[1]                              |qspi_io_PD[1]                              
qspi_io_PD[2]                              |qspi_io_PD[2]                              
qspi_io_PD[3]                              |qspi_io_PD[3]                              
qspi_io_SL[0]                              |qspi_io_SL[0]                              
qspi_io_SL[1]                              |qspi_io_SL[1]                              
qspi_io_SL[2]                              |qspi_io_SL[2]                              
qspi_io_SL[3]                              |qspi_io_SL[3]                              
qspi_sck_CS                                |qspi_sck_CS                                
qspi_sck_IE                                |qspi_sck_IE                                
qspi_sck_PD                                |qspi_sck_PD                                
qspi_sck_PDRV0                             |qspi_sck_PDRV0                             
qspi_sck_PU                                |qspi_sck_PU                                
qspi_sck_SL                                |qspi_sck_SL                                
rst_n_PD                                   |rst_n_PD                                   
rst_n_PU                                   |rst_n_PU                                   
uart_rx_PD                                 |uart_rx_PD                                 
uart_rx_PU                                 |uart_rx_PU                                 
uart_tx_CS                                 |uart_tx_CS                                 
uart_tx_IE                                 |uart_tx_IE                                 
uart_tx_PD                                 |uart_tx_PD                                 
uart_tx_PDRV1                              |uart_tx_PDRV1                              
uart_tx_PU                                 |uart_tx_PU                                 
uart_tx_SL                                 |uart_tx_SL                                 
qspi_csn_OE[0]                             |qspi_csn_OE[0]                             
qspi_csn_OE[1]                             |qspi_csn_OE[1]                             
qspi_csn_PDRV1[0]                          |qspi_csn_PDRV1[0]                          
qspi_csn_PDRV1[1]                          |qspi_csn_PDRV1[1]                          
qspi_csn_PU[0]                             |qspi_csn_PU[0]                             
qspi_csn_PU[1]                             |qspi_csn_PU[1]                             
qspi_io_PDRV0[0]                           |qspi_io_PDRV0[0]                           
qspi_io_PDRV0[1]                           |qspi_io_PDRV0[1]                           
qspi_io_PDRV0[2]                           |qspi_io_PDRV0[2]                           
qspi_io_PDRV0[3]                           |qspi_io_PDRV0[3]                           
qspi_io_PDRV1[0]                           |qspi_io_PDRV1[0]                           
qspi_io_PDRV1[1]                           |qspi_io_PDRV1[1]                           
qspi_io_PDRV1[2]                           |qspi_io_PDRV1[2]                           
qspi_io_PDRV1[3]                           |qspi_io_PDRV1[3]                           
qspi_io_PU[0]                              |qspi_io_PU[0]                              
qspi_io_PU[1]                              |qspi_io_PU[1]                              
qspi_io_PU[2]                              |qspi_io_PU[2]                              
qspi_io_PU[3]                              |qspi_io_PU[3]                              
qspi_sck_OE                                |qspi_sck_OE                                
qspi_sck_PDRV1                             |qspi_sck_PDRV1                             
uart_tx_OE                                 |uart_tx_OE                                 
uart_tx_PDRV0                              |uart_tx_PDRV0                              
uart_rx                                    |uart_rx                                    
qspi_io_IN[1]                              |qspi_io_IN[1]                              
rst_n                                      |rst_n                                      
qspi_io_IN[3]                              |qspi_io_IN[3]                              
qspi_io_IN[2]                              |qspi_io_IN[2]                              
qspi_io_IN[0]                              |qspi_io_IN[0]                              
clk                                        |clk                                        
qspi_io_OE[3]                              |qspi_io_OE[3]                              
qspi_sck_OUT                               |qspi_sck_OUT                               
qspi_io_OE[1]                              |qspi_io_OE[1]                              
qspi_io_OE[0]                              |qspi_io_OE[0]                              
qspi_io_IE[3]                              |qspi_io_IE[3]                              
qspi_csn_OUT[0]                            |qspi_csn_OUT[0]                            
qspi_csn_OUT[1]                            |qspi_csn_OUT[1]                            
qspi_io_OUT[0]                             |qspi_io_OUT[0]                             
qspi_io_OUT[2]                             |qspi_io_OUT[2]                             
qspi_io_OUT[1]                             |qspi_io_OUT[1]                             
uart_tx_OUT                                |uart_tx_OUT                                
qspi_io_OUT[3]                             |qspi_io_OUT[3]                             
qspi_io_IE[2]                              |qspi_io_IE[2]                              
qspi_io_OE[2]                              |qspi_io_OE[2]                              
qspi_io_IE[1]                              |qspi_io_IE[1]                              
qspi_io_IE[0]                              |qspi_io_IE[0]                              
VDD                                        |VDD                                        
VSS                                        |VSS                                        
qspi_csn_IN[0]                             |qspi_csn_IN[0]                             
qspi_csn_IN[1]                             |qspi_csn_IN[1]                             
qspi_sck_IN                                |qspi_sck_IN                                
uart_tx_IN                                 |uart_tx_IN                                 
---------------------------------------------------------------------------------------
Cell pin lists are equivalent.
Device classes A09_BV and A09_BV are equivalent.

Final result: Circuits match uniquely.
.
